MSISDN_ENCR_INT,FEATURE,DAY1,DAY2,DAY3,DAY4,DAY5,DAY6,DAY7,DAY8,DAY9,DAY10,DAY11,DAY12,DAY13,DAY14,DAY15,DAY16,DAY17,DAY18,DAY19,DAY20,DAY21,DAY22,DAY23,DAY24,DAY25,DAY26,DAY27,DAY28,DAY29,DAY30
15487293,MBB_TOTAL_USAGE,,,,305.49127,864.78783,678.38219,356.16197,405.56162,642.83569,468.58342,,,552.22411,913.10045,1228.65064,670.23219,540.57163,1003.87219,302.03778,426.55862,446.86351,400.89604,626.47102,754.56546,654.4068,860.93656,450.69491,399.8987,517.99036,455.31324
15487293,PAYG_MB_RATIO,,,,0,0,0,0,0,0,0,,,-1,-1,-1,-1,-1,-1,-1,-1,-1,-1,-1,-1,-1,-1,0,0,0,0
15487293,REMAINING_DATA_BAL_MB,,,,2570,2543,2540,2243,2192,2192,2181,,,2097,0,3129,3051,3051,3021,3008,2980,2905,2868,2868,2833,2790,2750,2726,2720,2491,2461
15487293,TOTAL_REVENUE_WT,,,,0,0,0,0,0,0,0,,,10.9356,0,0,0,0,0,0,0,0,0,0,0,0,0,0,0,0,0
15487293,TOTAL_VOICE_USAGE,,,,0,0,0,0,0,0,0,,,0,0,0,0,0,0,0,0,0,0,0,0,0,0,0,0,0,0
15487293,WALLET_BALANCE,,,,-25.4142,-48.7055,-48.7055,-48.7055,-48.7055,-48.7055,-48.7055,,,-49.9986,-9.9268,-48.5563,-48.5563,-48.5563,-48.5563,-48.5563,-48.5563,-48.5563,-48.5563,-48.5563,-48.5563,-48.5563,-48.5563,-48.5563,-48.5563,-48.5563,-48.5563
793712709,MBB_TOTAL_USAGE,1055.90287,2287.0846,1207.67373,91.07916,1578.91601,1684.30433,2250.68629,1678.84562,1593.99326,,,,,,,,,,,,,0,,,,,,,,
793712709,PAYG_MB_RATIO,-0.936877789,-0.947222559,-0.943522766,-0.944802038,-0.93740995,-0.940959826,-0.944613167,-0.954222679,-0.956267324,-0.954028322,-0.963344124,-0.307262887,1.422200212,8.944779632,2063.212494,2181.583328,2227.084324,0,0,0,0,0,0,0,0,0,0,0,0,0
793712709,REMAINING_DATA_BAL_MB,24098,24098,24098,24116,23588,23588,23588,23588,23588,24696,23806,23806,23806,218,218,218,218,218,218,218,218,218,218,218,0,0,0,0,0,0
793712709,TOTAL_REVENUE_WT,197,198.0251,0,0,0,0,159,395,0,,,,,,,,,,,,,0,,,,,,,,
793712709,TOTAL_VOICE_USAGE,0,58.16667,9.76667,9.86667,4.88333,38.4,60.68333,28.93333,8.35,,,,,,,,,,,,,0,,,,,,,,
793712709,WALLET_BALANCE,-32.3127,-39.9742,-39.9732,-39.9978,-39.9978,-39.9978,-39.9978,-39.9978,-39.9943,-39.9928,-39.9928,-39.9928,-39.9928,-39.9928,-39.9928,-39.9928,-39.9928,-39.9928,-39.9928,-39.9928,-39.9928,-39.9928,-39.9928,-39.9928,-39.9928,-39.9928,-39.9928,-39.9928,-39.9928,-39.9928
1231003662,MBB_TOTAL_USAGE,261.01171,311.13356,228.45857,799.88657,1280.65483,74.94593,151.07719,825.06115,768.25415,1473.65306,608.68439,167.30732,959.78408,90.61587,17.01583,125.45274,421.29879,1133.95894,702.71011,317.26145,634.22831,303.21305,367.16011,13.49001,6.87786,0.091,563.29938,183.9531,16.43201,11.43161
1231003662,PAYG_MB_RATIO,-1,-1,-1,-1,-1,-1,-1,-1,0,0,1.090656294,1.486338431,1.653892282,2.037513585,1.874723171,1.837719642,1.876658664,2.332587326,2.80470404,2.485502506,1.745948869,1.92755718,2.367928328,-1,-1,0,0,0,0,0
1231003662,REMAINING_DATA_BAL_MB,0,0,0,0,0,510,507,507,507,505,4,0,0,0,0,0,0,0,0,0,0,0,0,0,0,0,0,0,0,0
1231003662,TOTAL_REVENUE_WT,0,0,999,0,0,0,0,0,0,0.0036,0,0,0,0,0,0,0,0,0,0,0,0,0,0,0,0,0,0,0,0
1231003662,TOTAL_VOICE_USAGE,37.56667,8.25,8.43333,9.66667,2.73333,0,10.66667,10.76667,16.05,9.75,12.4,27.9,14,3.93333,3.36667,0.85,0,1.61667,11.71667,13.85,11.76667,0,39.3,13.53333,3.05,25.98333,7.08333,18.25,3.45,8.33333
1231003662,WALLET_BALANCE,0.0009,0.0009,0.0009,0.0009,0.0058,0.0058,0.0058,0.0058,0.0058,0.0058,0.0058,0.0022,0.0022,0.0022,0.0022,0.0022,0.0022,0.0022,0.0022,0.0022,0.0022,0.0022,0.0022,0.0022,0.0022,0.0022,0.0022,0.0022,0.0022,0.0022
935680919,MBB_TOTAL_USAGE,657.89063,166.37898,274.63407,,,306.35945,50.48415,224.05088,257.40887,120.95756,12.40073,3.78609,312.9373,108.04098,20.45009,490.77811,533.12854,870.4081,235.60849,876.51271,545.85909,766.10917,819.57222,366.42529,180.98322,272.57443,1254.80724,493.14624,470.41569,280.04102
935680919,PAYG_MB_RATIO,0,0,0,,,-1,-1,-1,-1,-1,-1,-1,-1,-1,-1,-1,-1,-1,0.301453703,690.3790409,926.742462,933.9203029,1267.005801,1511.58757,1487.285707,1543.058814,1606.03214,2262.499562,2352.675455,3476.39972
935680919,REMAINING_DATA_BAL_MB,9961,9893,9893,,,0,1388,1084,1084,1037,561,426,426,416,416,2,2,15360,15354,15014,14627,13851,13851,13409,13077,12630,12499,12496,12491,11596
935680919,TOTAL_REVENUE_WT,0,0,99.5051,,,0,0,0,0,0,0,0,0,0,1599.1075,0,0,0,0,0,0,0,0,0,0,0,0,0,0,0
935680919,TOTAL_VOICE_USAGE,2.98333,6.55,1.28333,,,17.65,2.9,13.43333,0.86667,20.11667,6.78333,12.33333,4,6.88333,4.48333,1.23333,3.26667,8.41667,10.35,3.51667,2.4,8.03333,2.98333,5.75,1.33333,4.81667,0.3,10.16667,0,8.75
935680919,WALLET_BALANCE,104.3305,88.3846,72.4387,,,0.1227,0.1083,0.1083,0.1083,0.1083,0.1083,0.1083,0.1083,0.1083,0.1083,0.1083,0.0016,0.0016,0.0016,0.0016,0.0016,0.0016,0.0016,0.0016,0.0016,0.0016,0.0016,0.0016,0.0016,0.0016
1218531843,MBB_TOTAL_USAGE,,,,,,,,,,,,,,,,,,,,,,,,,,,,,,589.01496
1218531843,PAYG_MB_RATIO,,,,,,,,,,,,,,,,,,,,,,,,,,,,,,-1
1218531843,REMAINING_DATA_BAL_MB,,,,,,,,,,,,,,,,,,,,,,,,,,,,,,3170
1218531843,TOTAL_REVENUE_WT,,,,,,,,,,,,,,,,,,,,,,,,,,,,,,0
1218531843,TOTAL_VOICE_USAGE,,,,,,,,,,,,,,,,,,,,,,,,,,,,,,0
1218531843,WALLET_BALANCE,,,,,,,,,,,,,,,,,,,,,,,,,,,,,,0.0023
12721886,MBB_TOTAL_USAGE,,,,,,,,407.9521,255.89096,449.73262,500.70019,139.93793,,,,,,,,,,,,,,,,,,
12721886,PAYG_MB_RATIO,,,,,,,,0,0,0,0,0,,,,,,,,,,,,,,,,,,
12721886,REMAINING_DATA_BAL_MB,,,,,,,,3,3,508,462,431,,,,,,,,,,,,,,,,,,
12721886,TOTAL_REVENUE_WT,,,,,,,,0,0,0,0,0,,,,,,,,,,,,,,,,,,
12721886,TOTAL_VOICE_USAGE,,,,,,,,7.45,7.18333,8.75,1.58333,6.06667,,,,,,,,,,,,,,,,,,
12721886,WALLET_BALANCE,,,,,,,,0.0016,0.0065,0.0065,0.0065,0.0065,,,,,,,,,,,,,,,,,,
955643667,MBB_TOTAL_USAGE,,410.38461,898.1148,1011.50602,18.73946,1141.36515,1228.59548,443.18601,679.416,685.43788,580.57758,193.32048,240.42254,396.31667,614.69645,602.01801,316.10554,400.92013,345.38338,311.91375,842.57542,632.23554,392.05687,732.91208,654.92329,611.83487,319.87011,817.9144,619.35332,731.31481
955643667,PAYG_MB_RATIO,,0,0,0,0,0,0,-1,-1,-1,-1,-1,-1,-1,-1,-1,-1,-1,-1,-1,-1,-1,0,0,0,0,0,0,0,0
955643667,REMAINING_DATA_BAL_MB,,112,112,3186,3196,3121,2850,2007,2007,1415,1787,1495,1495,1430,1400,1327,1327,1587,1714,1483,1342,1291,1291,1531,1561,1316,1286,1240,1193,1122
955643667,TOTAL_REVENUE_WT,,42.7861,33.5161,32.381,0,7.9453,0.0001,32.381,33.8471,79.9102,12.7801,9.7898,0.3311,0,32.381,34.2728,56.7374,14.5773,0,0,36.8266,39.3805,11.5505,10.9356,0,1.3243,0,0,0,0
955643667,TOTAL_VOICE_USAGE,,6.83333,5.2,2.21667,0,8.01667,4.15,9.23333,3.98333,39.28333,10.23333,7.5,4.71667,5.5,0.3,4.56667,20.31667,6.26667,1.78333,5.03333,18.85,6.68333,14.78333,0.2,11.11667,0.91667,0,0,0,0
955643667,WALLET_BALANCE,,-13.8907,64.2872,21.5011,-12.015,-12.015,-12.015,-19.9603,-19.9604,15.2776,-18.5695,-8.0343,-9.8788,-19.6686,-19.9997,-19.9997,-15.7617,18.9655,-16.3265,-19.9682,-19.9682,-19.9682,10.8242,-7.1109,-18.6614,-18.6614,-18.6614,-19.9857,-19.9857,-19.9857
563815346,MBB_TOTAL_USAGE,7.81808,7.44965,2.91296,4.1559,2.26645,209.93159,157.47971,38.09041,62.18406,672.89442,402.74078,5.68343,6.12832,3.99588,6.50962,4.43762,7.74335,4.63589,9.33,7.3334,67.12683,490.51741,477.05599,58.63925,5.34186,4.68904,142.80052,336.65602,721.30227,353.23548
563815346,PAYG_MB_RATIO,0,0,-1,-1,-1,-1,-1,-1,-1,-1,-1,-1,-1,-1,-1,-1,-1,0,0,0,0,-0.998891172,-0.998743246,-0.998243591,-0.999288678,-0.999518477,-0.999705639,-0.999672693,-0.999588388,-0.999406719
563815346,REMAINING_DATA_BAL_MB,2,1,1,1,0,0,0,1328,1328,1171,1072,401,401,2,2,2,2,0,0,0,0,0,0,973,488,16,0,0,0,1400
563815346,TOTAL_REVENUE_WT,0,0.0036,0,0,0,159,0,0,0,0,198,0,0,0,0,0,0,0,0,0,111.5823,10.2155,70.3722,6.3178,198,0,159,0,0,0
563815346,TOTAL_VOICE_USAGE,14.73333,23.5,10.51667,13.08333,5.91667,10.45,3.63333,0,0,0,5.21667,19.23333,19.63333,4.76667,4.66667,34.6,28.48333,2.91667,8.98333,60.53333,10.45,3.63333,24.8,0,30.6,37.65,16.96667,19.86667,9.18333,17.78333
563815346,WALLET_BALANCE,0.0058,0.0058,0.0058,0.0022,0.0022,0.0022,0.0022,0.0022,0.0022,0.0022,0.0022,0.0022,0.0027,0.0027,0.0027,0.0027,0.0027,0.0027,0.0027,0.0027,0.0027,0.0027,26.4204,3.1959,6.3192,0.0014,0.0019,0.0019,0.0019,0.0019
715406512,MBB_TOTAL_USAGE,269.69076,,594.73242,252.58929,169.68889,286.03751,72.69601,221.75306,438.21265,102.89956,202.98868,218.46362,262.69842,164.56961,67.37544,534.87306,544.36607,249.02095,567.1607,474.23701,568.49437,755.47643,378.79758,448.12428,244.16844,435.2166,576.68161,263.53623,96.94567,433.61265
715406512,PAYG_MB_RATIO,0,,-1,-1,-1,-1,-1,-1,-1,-1,-1,-1,-1,-1,-1,-1,0,0,0,0,0,0,0,0,0,0,0,0,0,0
715406512,REMAINING_DATA_BAL_MB,205,,193,0,500,460,454,452,452,451,438,436,436,434,432,429,429,425,400,399,378,336,336,324,308,293,292,291,288,266
715406512,TOTAL_REVENUE_WT,0.0036,,0,0,0,0,0,0,0,0,0,0,0,0,0,0,0,0,0,0,0,0,0,0,0,0,0,0,0,0
715406512,TOTAL_VOICE_USAGE,0.26667,,21.95,16.45,23.53333,6.2,6.71667,17.5,7.31667,9.6,18.8,11,34.71667,74.88333,5.58333,4.8,16.28333,1.23333,11.58333,13.05,17.28333,3.38333,24.53333,25.66667,9.5,8.88333,6.18333,19.35,7.66667,4.75
715406512,WALLET_BALANCE,0.0049,,0.0013,0.0062,0.0062,0.0062,0.0062,0.0062,0.0062,0.0062,0.0062,0.0062,0.0062,0.0062,0.0062,0.0062,0.0062,0.0062,0.0062,0.0062,0.0062,0.0062,0.0062,0.0062,0.0062,0.0062,0.0062,0.0062,0.0062,0.0062
695967338,MBB_TOTAL_USAGE,1422.81957,1113.98412,1334.54076,1176.59408,1419.60487,807.14211,789.55928,619.59768,1853.35692,828.50278,562.59866,1404.94771,945.99008,345.47449,584.54347,1118.2689,712.97116,1082.47694,1028.13103,1032.60315,1643.84542,582.67484,1242.75452,1021.56468,1573.20161,687.76551,1957.81892,1095.94499,1580.99666,1955.17829
695967338,PAYG_MB_RATIO,-1,-1,-1,-1,-1,-1,-1,-1,-1,-1,-1,-1,-1,-1,-0.036011686,6998.280671,6801.583486,0,0,0,0,0,0,0,0,0,0,0,0,0
695967338,REMAINING_DATA_BAL_MB,0,1534,1534,482,1525,993,502,11,11,1114,0,675,675,1712,324,600,600,16,438,4040,3289,2066,2066,1373,1104,280,2,561,23,901
695967338,TOTAL_REVENUE_WT,0,159,0,0,159,0,159,0,159,159,0,159,159,0,0,159,797,0,0,0,0,0,0,0,159,0,159,0,159,159
695967338,TOTAL_VOICE_USAGE,53.41667,17.75,18.25,0.5,19.81667,54.28333,12.83333,38.95,57.25,21.85,25.43333,20.33333,10.35,46.93333,10.93333,7.63333,2.35,9.85,29.03333,30.7,8.31667,8.25,11.31667,23.73333,4.73333,63.3,16.9,14.43333,14.65,17.33333
695967338,WALLET_BALANCE,0.0127,0.0001,0.0001,0.0001,0.0001,0.0001,0.0001,0.0001,0.0001,0.0001,0.0001,0.0001,0.0001,0.0001,0.0001,0.0001,0.0001,0.0001,0.0019,0.0019,0.0019,0.0019,0.0019,0.0019,0.0019,0.0019,0.0019,0.0019,0.0019,0.0019
1303329343,MBB_TOTAL_USAGE,1651.99915,1042.20733,592.05405,237.07015,838.81205,1274.83507,1430.59859,2050.40664,1111.84614,888.66678,724.01511,1268.42826,1311.67967,1225.48943,1390.77204,1679.08645,252.93328,880.85266,,,,,,,,,,,,
1303329343,PAYG_MB_RATIO,0,0,0,0,0,0,0,0,-1,-1,-1,-1,-1,-1,-1,-1,-1,-1,,,,,,,,,,,,
1303329343,REMAINING_DATA_BAL_MB,16280,15470,15470,14483,14217,13800,13118,12410,12410,11834,10454,10083,10083,9730,9140,7611,7611,6852,,,,,,,,,,,,
1303329343,TOTAL_REVENUE_WT,0,0,0,0,0,0,0,0.0072,0,0,0,0,0,0,0,0,198,0,,,,,,,,,,,,
1303329343,TOTAL_VOICE_USAGE,1.86667,5.53333,6.98333,14.93333,11.36667,5.86667,13.6,5.1,3.95,2.16667,0.21667,0,0,0,0,0,4.23333,17.28333,,,,,,,,,,,,
1303329343,WALLET_BALANCE,0.0098,0.0098,0.0098,0.0098,0.0098,0.0098,0.0098,0.0098,0.0098,0.0026,0.0026,0.0026,0.0026,0.0026,0.0026,0.0026,0.0026,0.0026,,,,,,,,,,,,
3365635717,MBB_TOTAL_USAGE,150.78474,652.75233,389.22928,297.70921,192.17537,459.01285,374.46541,120.62302,0.0947,,,,,,,,,,,,,,,,,,,,,
3365635717,PAYG_MB_RATIO,338.1973235,294.9466079,701.9204139,0,0,0,0,0,0,,,,,,,,,,,,,,,,,,,,,
3365635717,REMAINING_DATA_BAL_MB,0,0,0,0,0,0,0,0,0,,,,,,,,,,,,,,,,,,,,,
3365635717,TOTAL_REVENUE_WT,0,0,0,0,0,0,0,0,0,,,,,,,,,,,,,,,,,,,,,
3365635717,TOTAL_VOICE_USAGE,1.38333,7.11667,7.65,7.3,9.15,8.65,5.41667,3.38333,0.98333,,,,,,,,,,,,,,,,,,,,,
3365635717,WALLET_BALANCE,0.0025,0.0025,0.0025,0.0025,0.0025,0.0025,0.0025,0.0025,0.0025,,,,,,,,,,,,,,,,,,,,,
1446685933,MBB_TOTAL_USAGE,895.32044,544.4084,209.82434,544.7018,773.40807,586.04208,520.97659,723.49169,24.45266,1436.67407,1390.39875,164.56817,239.10957,428.08749,315.52857,45.12655,79.66895,139.79227,213.99255,180.3566,533.4046,365.90884,884.55742,318.03345,543.23017,702.2558,241.34201,596.96187,310.02452,814.832
1446685933,PAYG_MB_RATIO,-1,-1,-1,-1,-1,-1,-1,-1,-1,0,0,0,0,0,0,0,0,0,0,0,0,0,0,0,0,-1,-1,-1,-1,-1
1446685933,REMAINING_DATA_BAL_MB,2953,2930,2930,2838,2834,2824,2796,2790,2790,2786,2765,2759,2759,2692,2685,2512,2512,2497,2484,2480,2455,2384,2384,2371,2368,2363,2359,5415,3052,2997
1446685933,TOTAL_REVENUE_WT,0,0,0,0,0,0,0,0,0,0,0,0,198,0,0,0,0,0,0,0,0,0,0,0,1094.0036,0,0,0,0,0
1446685933,TOTAL_VOICE_USAGE,9.45,0,0,0,0,0,0,0,0,0,0,0,8.43333,2.7,0,0,0,12.56667,31.18333,0.7,12.68333,17.15,23.23333,17.23333,0.18333,8.5,41.58333,0.4,17.08333,26.36667
1446685933,WALLET_BALANCE,0.0061,0.0061,0.0061,0.0061,0.0061,0.0061,0.0061,0.0061,0.0061,0.0061,0.0061,0.0061,0.0061,0.0061,0.0066,0.0066,0.0066,0.0066,0.0066,0.0066,0.0066,0.0066,0.0066,0.0066,0.0066,0.0066,0.0118,0.0118,0.0118,0.0118
1400171593,MBB_TOTAL_USAGE,3940.1467,3011.11287,7274.31959,1679.58258,771.31775,,,,,,,,,,,,,,,,,,,,,,,,,
1400171593,PAYG_MB_RATIO,1.474797439,-0.527082594,-0.604196214,-0.464395043,-0.569993458,-0.656061723,-0.620240788,-0.625194346,-0.654571519,0.130132735,0.127387922,0.167911095,-0.089834821,-0.181267777,-0.371661557,0.198645458,0,0,0,0,0,0,0,0,0,0,0,0,0,0
1400171593,REMAINING_DATA_BAL_MB,44,0,0,6472,3328,4291,1737,1737,1737,1737,0,0,0,0,0,0,0,0,0,0,0,0,0,0,0,0,0,0,0,0
1400171593,TOTAL_REVENUE_WT,536.4544,0,290,3.5943,4.2092,,,,,,,,,,,,,,,,,,,,,,,,,
1400171593,TOTAL_VOICE_USAGE,32.93333,13.2,114.48333,6.15,1.45,,,,,,,,,,,,,,,,,,,,,,,,,
1400171593,WALLET_BALANCE,0.0018,64.3615,7.8724,4.6202,2.8468,4.2525,0.0433,0.0433,0.0433,0.0433,0.0433,0.0433,0.0433,0.0433,0.0433,0.0433,0.0433,0.0433,0.0433,0.0433,0.0433,0.0433,0.0433,0.0433,0.0433,0.0433,0.0433,0.0433,0.0433,0.0433
239985418,MBB_TOTAL_USAGE,846.34656,810.69356,458.69458,1172.08594,671.27785,1795.50244,1227.52472,1723.58966,1018.46274,2533.42443,1544.49267,1797.73746,1320.41051,,1375.32409,3066.59768,1938.23026,3385.85914,1940.21807,1149.54211,1779.70354,1657.3652,2326.11616,3827.14114,1192.64984,1732.93742,2154.06281,1445.67168,1011.89259,1139.90736
239985418,PAYG_MB_RATIO,0,0,0,0,0,4.048492876,4.646289694,4.337251117,4.3860631,3.516022365,3.99674992,4.444825096,5.215048333,,-1,-1,-1,-1,-1,-1,0,0,0,0,0,0,0,0,0,0
239985418,REMAINING_DATA_BAL_MB,3165,1602,1602,966,877,220,30560,29655,29655,28387,26582,25222,25222,,22707,37289,37289,37289,37289,35155,33375,32225,32225,31508,30983,29958,26746,26429,25459,24493
239985418,TOTAL_REVENUE_WT,0,0,0,0,1637.2135,0,0,0,0,0,0,0,2.5067,,0,0,0,0,0,0,0,0,0,0,0,0,0,0,0,0
239985418,TOTAL_VOICE_USAGE,5.68333,21.88333,40.05,22.06667,33.88333,19.11667,20.7,21,23.35,27.48333,27.15,10.73333,30.18333,,24.7,9.1,29.13333,48.85,56.41667,42.23333,44.28333,56.05,30.58333,41.78333,39.3,26.5,32.78333,24.06667,26.76667,6.68333
239985418,WALLET_BALANCE,52.932,52.932,52.932,52.932,52.932,52.932,50.7214,50.7214,50.7214,50.7214,50.7214,50.7214,50.7214,,47.5998,47.6006,47.6006,47.6006,47.6006,47.6006,47.6006,47.6006,47.6006,47.6006,47.6006,47.6006,47.6006,47.6006,47.6006,47.6006
1609336340,MBB_TOTAL_USAGE,339.23866,439.33763,662.6277,552.4268,256.09412,226.26591,530.1284,1568.67624,523.31278,363.54502,116.46076,628.31412,558.51926,66.81216,193.16036,612.10229,177.10067,1024.30983,100.3346,821.40751,10.24801,11.67465,,,,,,,,
1609336340,PAYG_MB_RATIO,9.519075105,9.004511859,0,0,0,0,0,0,0,0,0,0,0,0,0,0,0,0,0,0,0,0,0,0,0,0,0,0,0,0
1609336340,REMAINING_DATA_BAL_MB,184,175,175,170,240,228,222,219,219,47,214,208,208,206,75,3044,3044,3042,3035,6011,5764,5397,5397,5395,5394,5394,5394,5394,5394,5394
1609336340,TOTAL_REVENUE_WT,0,197,0,0,0,198,0,197,0,0,0,0,547,0,0,198,547,0,0,0,0,0,,,,,,,,
1609336340,TOTAL_VOICE_USAGE,14.73333,21.25,5.91667,0.66667,9.48333,32.13333,24.4,19.43333,19.45,81.26667,34.15,14.68333,4.18333,2.01667,0,0.86667,31.21667,18.93333,10.73333,12.03333,6.2,0,,,,,,,,
1609336340,WALLET_BALANCE,0.0032,0.0032,0.0032,0.0042,0.0042,0.0042,0.0042,0.0047,0.0047,0.0057,0.0057,0.0057,0.0057,0.0057,0.0101,0.0101,0.0101,0.0106,0.015,0.015,0.015,0.015,0.015,0.015,0.015,0.015,0.015,0.015,0.015,0.015
14051886,MBB_TOTAL_USAGE,1286.09505,1649.13203,1634.80931,1788.63205,824.49817,487.44115,1042.3124,1262.61469,1178.93613,854.23782,1364.47633,855.75287,1065.72772,1047.85963,1140.38327,1454.51339,1313.28396,2199.8549,1724.90157,429.23173,2292.46827,3710.49111,2728.97496,2289.8749,1059.52233,534.59372,525.99162,1733.94091,1945.59375,1710.61667
14051886,PAYG_MB_RATIO,-1,-1,-1,-1,-1,-1,-1,-1,-1,-0.999486466,-0.750471135,-0.702664337,-0.69021413,-0.669477965,-0.67192693,-0.676577537,-0.658438727,-0.658954316,-0.638106476,33.76059492,0,0,0,0,0,0,0,0,0,0
14051886,REMAINING_DATA_BAL_MB,2306,2073,2073,1861,1276,706,404,395,395,262,203,195,195,9010,8823,8498,8498,8455,8400,7615,7497,6492,6492,5852,5596,4742,4162,3960,3526,3387
14051886,TOTAL_REVENUE_WT,0,0,0,219.8497,0.5757,0,0,0,0,0,1062,0,0,0,0,0,0,0,0,0,0,3.1245,220.4747,0,0,0,0,0,0,0
14051886,TOTAL_VOICE_USAGE,15.8,11.6,21.83333,8.8,11.85,5.83333,5.65,25.76667,1.98333,28,7.3,8.91667,1.41667,2.23333,0.31667,1.81667,1.78333,24.4,10.51667,0.28333,9.16667,64.2,9.3,7.98333,12.16667,0,33.33333,99.5,14.61667,6.21667
14051886,WALLET_BALANCE,2.4249,2.4249,2.4249,2.4249,2.4249,0.5757,0,0,0,0,0,0,0.0105,0.0105,0.0105,0.0105,0.0105,0.0105,0.0105,0.0105,0.0105,0.0105,0.0105,34.1293,4.3553,4.3553,4.3553,4.3553,4.3553,4.3553
1528018978,MBB_TOTAL_USAGE,444.53392,490.33775,690.25204,1156.72107,513.08368,1925.06193,472.12207,1161.86525,1273.28455,707.8161,680.46109,1089.54026,1385.90732,1779.33431,1566.02257,1762.82467,644.19901,937.79945,661.73657,2698.55641,842.50688,1002.97845,515.5277,1124.80532,653.74844,821.05721,1803.10353,732.38851,767.72341,1107.22202
1528018978,PAYG_MB_RATIO,0,0,0,0,0,0,0,-1,-1,-1,-1,-1,-1,-1,-1,-1,-1,-1,-1,-1,-1,-1,0,0,0,0,0,-0.593696485,-0.640940186,-0.698261869
1528018978,REMAINING_DATA_BAL_MB,20357,19912,19912,19634,19292,18882,13684,12212,12212,27340,13671,13239,13239,12812,12003,9872,9872,9008,7784,7413,7031,4457,4457,3906,3400,3068,2138,1708,1014,15083
1528018978,TOTAL_REVENUE_WT,0,0,0,0,0,0,1327.7843,0,0,0,0,0,0,0,0,0,0,0,0,0,0,0,0,0,0,0,372.028,238.4156,0,0
1528018978,TOTAL_VOICE_USAGE,66.2,83.61667,14.25,48.48333,36.98333,76.78333,63.63333,135.93333,50.15,78.56667,128.5,90.63333,43.21667,68.05,55.66667,107.78333,19.46667,120.01667,32.85,24.91667,69.18333,35.26667,51.83333,56.13333,23.4,43.73333,58.5,117.46667,80.68333,97
1528018978,WALLET_BALANCE,96.3737,96.3737,96.3737,96.3737,96.3737,96.3737,96.3737,96.3737,67.5941,67.5941,67.5941,67.5941,67.5941,67.5941,67.5941,67.5941,67.5941,67.5941,67.5941,67.5941,67.5941,67.5941,67.5941,67.5941,67.5941,67.5941,67.5941,67.5941,0.5674,0.1558
1573976820,MBB_TOTAL_USAGE,,,,,,,,,715.30866,695.76894,427.79354,17.87742,29.11492,84.82519,0.74443,0.48533,10.99551,368.78483,396.85238,1828.41584,,,,,,,,,,
1573976820,PAYG_MB_RATIO,,,,,,,,,0,0,0,0,0,0,0,0,0,0,0,0,,,,,,,,,,
1573976820,REMAINING_DATA_BAL_MB,,,,,,,,,2813,2558,2491,2451,2451,2316,2305,2284,2284,2283,2283,2280,,,,,,,,,,
1573976820,TOTAL_REVENUE_WT,,,,,,,,,0,0,0,0,0,0,0,0,0,0,0,0,,,,,,,,,,
1573976820,TOTAL_VOICE_USAGE,,,,,,,,,0,0.43333,0.78333,0,0,0,0,0,0,1.88333,2.06667,0,,,,,,,,,,
1573976820,WALLET_BALANCE,,,,,,,,,0.0076,0.0076,0.0076,0.0076,0.0076,0.0076,0.0076,0.0076,0.0076,0.0076,0.0076,0.0076,,,,,,,,,,
1131652233,MBB_TOTAL_USAGE,89.05096,142.65493,352.51294,149.15691,78.16394,121.14757,330.17537,891.39761,1261.11346,806.76208,314.45413,623.32651,899.68593,1430.74554,548.60983,931.80103,653.12681,1380.17782,817.66405,696.71276,130.90211,190.27236,190.57563,234.11993,119.99658,160.94405,95.09083,128.47647,29.16107,340.82251
1131652233,PAYG_MB_RATIO,0,0,0,0,0,0,0,0,0,0,0,0,0,0,0,0,0,0,0,0,0,0,0,0,0,0,0,0,0,0
1131652233,REMAINING_DATA_BAL_MB,0,0,0,0,0,0,3072,3043,3043,2852,2216,1960,1960,1930,1705,49,49,4,1,0,0,0,0,0,0,0,0,0,0,0
1131652233,TOTAL_REVENUE_WT,0,0,0,0,483,0,0,0,0,0,0,0,0,0,348,0,0,0,0,0,0,0,0,0,0,0,0,0,0,0
1131652233,TOTAL_VOICE_USAGE,6.15,4.16667,2.76667,1.5,0.13333,0.66667,8.06667,4.5,3.81667,7.9,9.65,0,0,0,0,1.71667,2.4,0.1,1.15,0,0.23333,1.2,8.13333,0,5.11667,0.48333,4.98333,3.25,0,1.85
1131652233,WALLET_BALANCE,-39.9881,-39.9881,-39.9881,-39.9881,-39.9881,-39.9881,-39.9839,-39.9839,-39.9839,-39.9839,-39.9839,-39.9839,-39.9839,-39.9839,-39.9839,-39.9839,-39.9806,-39.9806,-39.9806,-39.9806,-39.9806,-39.9806,-39.9806,-39.9806,-39.9806,-39.9806,-39.9806,-39.9806,-39.9806,-39.9806
13153824,MBB_TOTAL_USAGE,14.1889,5.46619,6.94285,1.41783,10.12417,65.40952,12.83945,6.3791,7.11395,18.0051,6.68967,4.96842,0,0.05963,1.26407,8.16359,0.48602,13.16843,46.63725,7.7033,3.45379,6.60947,5.13947,5.86347,2.19315,3.9361,2.51099,6.66929,3.07271,1.51427
13153824,PAYG_MB_RATIO,0,0,0,0,0,0,0,0,0,0,0,0,0,0,0,0,0,0,0,0,-1,-1,-1,-1,-1,-1,-1,-1,-1,-1
13153824,REMAINING_DATA_BAL_MB,3287,3275,3275,3267,3265,3265,3261,4734,4734,4724,3520,3504,3504,3498,3494,3494,3494,3493,3487,3487,3477,0,0,0,0,0,0,0,0,0
13153824,TOTAL_REVENUE_WT,0,0,11.4887,14.4505,36.458,361.5009,0,0,1.8463,0,0,0,0,0,198,0,0,0,0,0.018,0,0,0,0,0,0,0,0,0,0
13153824,TOTAL_VOICE_USAGE,6.68333,3.31667,7.03333,4.06667,14.55,1.26667,0,0,0.86667,0,0,0,0,0,1.83333,9.55,10.15,10.53333,3.53333,2.65,2.71667,11.41667,5.56667,3.6,0.13333,0.91667,6.51667,4.21667,0.83333,0.16667
13153824,WALLET_BALANCE,97.1685,91.4877,91.4877,85.8069,71.4778,57.0273,14.8885,10.3881,4.7073,4.7073,0.0206,0.0206,0.0206,0.0206,0.0206,0.0206,0.0211,0.0211,0.0211,0.0211,0.0211,0.0031,0.0031,0.0031,0.0031,0.0031,0.0031,0.0031,0.0031,0.0031
3435238245,MBB_TOTAL_USAGE,1581.50492,1577.45265,1898.38805,1783.66277,1576.02422,1815.72626,1089.08217,1316.08441,869.96551,235.79163,698.99629,896.12263,1144.02666,189.31334,1891.86921,522.04769,860.31194,,2430.73138,2684.84421,2813.61681,2277.76943,2247.05125,2573.13475,4403.57741,4125.96491,2824.51213,2082.81094,2383.24154,1522.839
3435238245,PAYG_MB_RATIO,-1,-1,0,0,0,0,0,0,0,0,0,0,0,0,0,0,0,,0,0,0,0,0,0,0,0,0,0,0,0
3435238245,REMAINING_DATA_BAL_MB,8441,7899,7899,7477,7333,7157,6744,6043,6043,5915,5294,5195,5195,5050,4948,4511,4511,,3845,0,3207,1825,1825,1176,708,3104,2467,1673,2680,2268
3435238245,TOTAL_REVENUE_WT,0,0,0,0,0,0,0,0,0,0,0,0,0,0,0,0,0,,0,0,0,0,285,0,0,285,0,0,0,0
3435238245,TOTAL_VOICE_USAGE,21.75,12.9,6.75,6.66667,4.35,3.15,1.7,6.01667,5.66667,10.85,6.13333,3.78333,6.65,1.06667,0,5.11667,5.88333,,0,5.35,0.48333,2.63333,0.73333,13.41667,0.26667,6.48333,10.28333,11.3,5.68333,9.71667
3435238245,WALLET_BALANCE,0.0014,0.0014,0.0014,0.0014,0.0014,0.0014,0.0014,0.0014,0.0014,0.0014,0.0014,0.0014,0.0014,0.0014,0.0014,0.0014,0.0014,,0.0014,0.0032,0.0032,0.0032,0.0032,0.0032,0.0069,0.0069,0.0069,0.0106,0.0106,0.0106
3739097360,MBB_TOTAL_USAGE,1656.37451,957.82893,1233.30921,102.32333,2716.7695,345.264,419.76451,1444.76894,1465.94749,1598.72805,1338.1466,188.77581,127.62815,307.34663,859.55897,0.52009,572.0674,1614.04578,801.05947,688.25617,72.59312,43.70408,189.02266,1436.95557,,631.98232,1665.86584,1078.7992,1765.41679,1273.81962
3739097360,PAYG_MB_RATIO,-1,-1,-1,-1,-0.733079651,-0.699722749,-0.722529763,-0.73927414,-0.698226708,-0.722971857,0,0,0,0,0,0,0,0,0,0,0,0,0,0,,0,-1,-1,-1,-1
3739097360,REMAINING_DATA_BAL_MB,0,0,0,297,296,3067,2247,2239,2239,2237,1564,1036,1036,966,961,846,846,842,842,837,1,1,1,1,,1,1,0,0,0
3739097360,TOTAL_REVENUE_WT,59,0,547,0,0,0,0,0,0,0,0,0,0,0,0,0,0,0,0,0,0,0,0,0,,0.0036,0,0,0,0
3739097360,TOTAL_VOICE_USAGE,0.5,2.03333,1.75,0.83333,11.71667,2.8,0.55,16.28333,0.41667,8.98333,0,1.98333,0.51667,7.68333,3.18333,0.23333,5.36667,5.15,1.41667,20.08333,2.13333,6.73333,1.93333,6.63333,,26.91667,30.65,1.46667,3.66667,9.08333
3739097360,WALLET_BALANCE,0,0,0.0019,0.0019,0.0063,0.0063,0.0063,0.0063,0.0063,0.0063,0.0063,0.0063,0.0063,0.0063,0.0063,0.0063,0.0063,0.0063,0.0063,0.0063,0.0063,0.0063,0.0063,0.0063,,0.0063,0.0068,0.0032,0.0032,0.0032
1420203726,MBB_TOTAL_USAGE,313.55648,472.10047,418.37337,430.0659,136.94001,205.75063,212.03815,258.35064,168.09798,385.85845,212.87197,321.61169,245.62989,567.9026,301.48387,183.14782,856.43254,212.49075,148.55861,173.37419,406.72512,1018.17377,478.91461,999.52369,613.4026,,75.09084,549.9775,562.08907,182.71711
1420203726,PAYG_MB_RATIO,-1,-1,-0.930799998,-0.311361225,0.802842102,7.708022335,121.5414525,118.5878582,138.481157,177.7600005,0,0,0,0,0,0,0,0,0,0,0,0,0,0,0,,0,0,0,0
1420203726,REMAINING_DATA_BAL_MB,5120,5120,5120,5120,5120,5120,5120,5120,5120,5120,5091,4903,4903,4819,4794,4740,4740,4727,4701,4669,4655,4614,4614,4598,4261,,4017,4006,5120,5120
1420203726,TOTAL_REVENUE_WT,0,0,0,0,0,0,0,0,0,0,0,0,0,0,0,0,0,0,0,0,0,0,0,0,1.8445,,0,0,0,0
1420203726,TOTAL_VOICE_USAGE,11.66667,18.73333,4.06667,2.35,2.63333,1.71667,0.98333,2.66667,0.91667,6.56667,3.26667,2.43333,2.75,0.71667,0.6,2.9,0,1.53333,1.15,2.21667,2.2,2.83333,10.01667,2.35,4.51667,,2.93333,8.43333,0.46667,3.65
1420203726,WALLET_BALANCE,41.3491,41.3491,41.3491,41.3491,41.3491,41.3491,41.3491,41.3491,41.3491,41.3491,41.3491,41.3491,41.3491,41.3491,41.3491,41.3491,41.3491,41.3491,41.3491,41.3491,41.3491,41.3491,41.3491,41.3491,41.3491,,39.5046,39.5063,39.5063,39.5063
338788595,MBB_TOTAL_USAGE,1601.3463,1053.23082,1518.36943,2329.52431,2106.02419,856.9916,354.40793,1326.04254,1187.94232,1185.52638,1652.72787,3068.02408,879.88377,781.32855,978.98846,550.86223,1179.74399,922.19293,1530.93058,1270.91651,1384.2057,1450.83282,259.66323,839.30593,2310.73273,1022.18096,951.42333,1246.30422,1173.94567,957.1395
338788595,PAYG_MB_RATIO,-1,-1,-1,-1,-0.744031491,-0.576393267,-0.638109501,-0.716188587,-0.776535657,-0.790611691,-0.785983121,5.03008297,5.825580884,5.932753835,6.210305323,2.421972088,1.577568798,1.611935093,1.500728865,0.953622398,0.618659535,0.755674505,1.039413089,2.847378177,1.847393033,-0.084696222,-0.857130299,-0.886307503,-0.883439352,-0.878292324
338788595,REMAINING_DATA_BAL_MB,906,361,361,0,0,605,586,553,553,549,1262,1587,1587,617,650,375,375,371,79,73,70,2,2,539,456,411,120,958,643,576
338788595,TOTAL_REVENUE_WT,0,0,119,547,0,0,0,0.0072,119,317,0,119,0,0,0.0072,0.0005,0,0,119,0,119,0,0,0.0036,119.0004,0,239.7281,198.4146,0,0
338788595,TOTAL_VOICE_USAGE,0,3.85,10.08333,4.71667,1.3,7.46667,0.6,0.18333,0.9,0.71667,0,0,0,0,0.43333,1.71667,0,9.88333,6.78333,5.4,67.96667,40.15,8.83333,8.46667,46.03333,9.9,17.8,30.33333,15.08333,35
338788595,WALLET_BALANCE,0.002,0.002,0.002,0.002,0.004,0.0084,0.0084,0.0084,0.0084,0.0012,0.0032,0.0057,0.0057,0.0077,0.0077,0.0077,0.0005,0,0,0,0.002,0.002,0.004,0.004,0.004,0.0004,0.002,0.002,3.8664,0.0438
998130016,MBB_TOTAL_USAGE,96.87724,186.28858,390.25444,43.50798,414.10733,68.02122,103.30637,134.32958,98.61523,337.6048,31.14163,19.84636,180.13731,88.66176,234.09436,199.4134,134.55655,249.56727,537.28781,350.73846,204.19582,161.95787,216.28376,254.7722,180.35193,245.47542,366.86149,188.00172,797.67968,268.81238
998130016,PAYG_MB_RATIO,0,0,0,-0.046360928,0.024074463,0.131296697,0.082743196,0.010785764,-0.034683239,-0.016057958,-1,-1,-1,-1,-1,-1,-1,0,0,0,0,0,0,0,0,0,0,0,0,0
998130016,REMAINING_DATA_BAL_MB,136,12,12,2,0,0,0,0,0,0,0,0,0,0,0,0,0,0,0,0,0,467,467,438,410,377,349,333,300,246
998130016,TOTAL_REVENUE_WT,0,0.0036,0,0,0,0,0,0,0,0,0,0,0,0,0,0,0,0,0,999,0,0,0,0,0,0,0,0,0,0
998130016,TOTAL_VOICE_USAGE,3.41667,15.01667,18.55,4.03333,24.28333,13.75,14.71667,15.38333,10.56667,16.65,14.06667,13.21667,8.31667,0,1.3,21.08333,40.66667,17.66667,26.95,21.75,8.8,41.36667,2.91667,1.95,2.33333,25.8,5.76667,21.63333,46.16667,15.81667
998130016,WALLET_BALANCE,0.0067,0.0067,0.0067,0.0031,0.0031,0.0031,0.0031,0.0031,0.0031,0.0031,0.0031,0.0031,0.0031,0.0031,0.0031,0.0031,0.0031,0.0031,0.0031,0.0031,0.0031,0.008,0.008,0.008,0.008,0.008,0.008,0.008,0.008,0.008
3725183412,MBB_TOTAL_USAGE,2595.67309,413.07555,691.75594,1196.62263,277.25927,399.28207,661.86027,873.2797,1987.02562,592.73572,,,,,,,0.04135,,,,,,,,,,,,,
3725183412,PAYG_MB_RATIO,5.728688797,5.055024995,4.992736543,5.09046223,5.43371291,5.129747244,3.538434816,3.924905442,1.204460794,-0.816030485,-0.819846137,-0.825166681,-0.824320605,-0.833696784,1.542415098,1.632661612,0,0,0,0,0,0,0,0,0,0,0,0,0,0
3725183412,REMAINING_DATA_BAL_MB,12895,12592,12592,12541,12514,13091,12675,12672,12672,12831,269,1,1,1,1,0,0,0,0,0,0,0,0,0,0,0,0,0,0,0
3725183412,TOTAL_REVENUE_WT,200.001,0,257,0,0,0,197,0,0,0,,,,,,,0,,,,,,,,,,,,,
3725183412,TOTAL_VOICE_USAGE,8.6,15.6,12.46667,21.4,12.36667,8.68333,19.91667,10.3,14.9,11.4,,,,,,,0,,,,,,,,,,,,,
3725183412,WALLET_BALANCE,0,0,0,0,0.0024,0.0024,0.0024,0.0024,0.0034,0.0034,0.0034,0.0034,0.0034,0.0034,0.0034,0.0034,0.0034,0.0034,0.0034,0.0034,0.0034,0.0034,0.0034,0.0034,0.0034,0.0034,0.0034,0.0034,0.0034,0.0034
1313036055,MBB_TOTAL_USAGE,1854.34913,1737.97413,1239.27813,528.53793,1.74431,,,,0,0,,,,,,,,,,,,,,,,,,,,
1313036055,PAYG_MB_RATIO,0,0,0,0,0,0,0,0,0,0,0,0,0,0,0,0,0,0,0,0,0,0,0,0,0,0,0,0,,
1313036055,REMAINING_DATA_BAL_MB,10202,9879,9879,8342,6935,6155,5904,5904,5904,2316,2316,2316,2316,2316,2316,2316,2316,2316,2316,2316,2316,2316,2316,2316,2316,2316,2316,2316,,
1313036055,TOTAL_REVENUE_WT,0,0,0,0,0,,,,0,0,,,,,,,,,,,,,,,,,,,,
1313036055,TOTAL_VOICE_USAGE,23.51667,3,3.85,16.36667,0,,,,0,0,,,,,,,,,,,,,,,,,,,,
1313036055,WALLET_BALANCE,-39.995,-39.995,-39.995,-39.995,-39.995,-39.995,-39.995,-39.995,-39.995,-39.995,-39.995,-39.995,-39.995,-39.995,-39.995,-39.995,-39.995,-39.995,-39.995,-39.995,-39.995,-39.995,-39.995,-39.995,-39.995,-39.995,-39.995,-39.995,,
3722852677,MBB_TOTAL_USAGE,375.0997,307.91366,364.802,506.53701,0.86996,3.89051,5.38452,0.49903,2.6645,578.7982,429.76785,664.49496,576.28439,902.26051,615.89617,519.25831,1064.51198,454.72146,513.80238,124.42895,904.30842,379.72943,690.55326,426.07991,445.3852,564.81055,1342.52672,159.46133,949.10122,2445.90122
3722852677,PAYG_MB_RATIO,0,0,0,0,0,0,0,0,0,0,0,0,0,0,0,0,0,0,0,0,0,0,0,0,0,0,0,0,0,0
3722852677,REMAINING_DATA_BAL_MB,76,0,0,1056,856,506,2,0,0,0,0,2857,2857,2844,2658,2311,2311,2202,1946,1632,1417,1329,1329,1316,1289,1243,1053,1042,1031,981
3722852677,TOTAL_REVENUE_WT,357,0,0,0,0,0,0,0,0,684,0,0,18.397,25.9165,21.14,32.2072,264.0208,0,0,0,0,0,198,0,0,0,0,0,0,159
3722852677,TOTAL_VOICE_USAGE,57.51667,46.73333,32.28333,28.48333,28.36667,13.08333,4.73333,1.7,20.76667,9.4,0.95,0.41667,18.55,9.16667,7.48333,11.38333,24.38333,128.4,8.38333,56.46667,10.96667,19.93333,7.35,23.11667,19.9,16.11667,23.78333,13.48333,3.06667,9.86667
3722852677,WALLET_BALANCE,15.6854,15.6854,15.6859,15.6859,15.6859,15.6859,15.6859,15.6859,15.6859,15.6859,15.6859,15.6935,15.6935,15.6935,47.2965,69.38,48.24,16.0328,0.0125,0.0125,0.0125,0.0125,0.0125,0.0125,0.013,0.013,0.013,0.013,0.013,0.013
1581770076,MBB_TOTAL_USAGE,1890.3914,920.8679,1006.43549,1242.15807,326.23954,,,,,599.53298,2286.03065,356.67186,,,,,,,,,,,114.81205,0,,,,,,
1581770076,PAYG_MB_RATIO,0,0,0,0,0,,,,,0,0,0,0,0,0,0,0,0,0,0,0,0,0,0,0,0,0,0,0,0
1581770076,REMAINING_DATA_BAL_MB,12899,11596,11596,13183,12699,,,,,9772,7770,7510,7510,10696,9523,9523,9523,9523,9523,9523,3722,3722,3722,3722,3722,3707,3707,3707,3707,3707
1581770076,TOTAL_REVENUE_WT,547,0,0,0.2841,0,,,,,0,184.92,0,,,,,,,,,,,0,674.016,,,,,,
1581770076,TOTAL_VOICE_USAGE,15.15,48.96667,32.91667,11.53333,5.56667,,,,,24.45,0,0.48333,,,,,,,,,,,3.65,0,,,,,,
1581770076,WALLET_BALANCE,178.663,178.663,178.6674,178.6674,178.6674,,,,,21.6466,0.0341,0.0341,11.1141,11.1141,11.1141,11.1141,11.1141,11.1141,11.1141,11.1141,11.1141,11.1141,11.1141,11.1141,1511.1141,837.0981,837.0981,837.0981,837.0981,837.0981
431759299,MBB_TOTAL_USAGE,502.81554,662.18021,733.32422,515.47044,1512.17877,1005.9051,1054.70224,753.6434,1092.8323,695.62326,205.77614,484.17661,57.45638,1050.95475,724.81171,855.34618,473.65695,788.94537,1101.36569,460.98436,404.42555,1517.76724,656.05079,805.25781,1252.8536,457.60631,649.48738,715.28483,1019.04505,387.99029
431759299,PAYG_MB_RATIO,3.51425375,127.764451,0,0,0,0,0,0,0,0,0,0,0,0,0,0,0,0,0,0,0,0,0,-1,-1,-1,-1,-1,-1,-1
431759299,REMAINING_DATA_BAL_MB,5120,5120,5120,5120,5120,5120,5120,5120,5120,5115,5059,4983,4983,4983,4981,4975,4975,4413,4404,4389,4018,3926,3926,3796,2762,7852,5070,5041,5031,5022
431759299,TOTAL_REVENUE_WT,0,0,0,0,0,0,0,0,0,0,0,0,0,0,0,0,0,0,0,0,0,0,1252.3522,0,0,0,0,0,0,0
431759299,TOTAL_VOICE_USAGE,26.38333,91.08333,27.13333,211.21667,46.28333,13.08333,38.16667,68.58333,26.36667,11.73333,32.88333,47.35,7.45,14.5,2.38333,7.86667,13.38333,50.5,13.25,67.3,16.28333,41.5,8.56667,46.4,24.66667,41.95,20.46667,60.5,81.31667,92.83333
431759299,WALLET_BALANCE,3.353,3.353,3.353,3.353,3.353,3.353,3.353,3.353,3.353,3.353,3.353,3.353,3.353,3.353,3.353,3.353,3.353,3.353,3.353,3.353,3.353,3.353,3.353,3.353,0.0025,0.0025,0.0025,0.0025,0.0025,0.0025
1226257497,MBB_TOTAL_USAGE,7.35398,5.18046,0,1.01586,6.78378,0.75662,0,0,0,0.8763,5.04415,9.88665,0.42178,0.01434,3.04911,198.89843,866.17334,140.93886,271.62247,75.54207,5.52073,0.29193,10.37725,7.29213,0.02565,0,0.0181,3.88258,4.9174,8.38748
1226257497,PAYG_MB_RATIO,-1,-1,-1,-1,-1,-1,-1,-1,-1,-1,-1,-1,-1,-1,-1,0,0,0,0,0,0,0,0,0,0,0,0,0,0,0
1226257497,REMAINING_DATA_BAL_MB,265,0,0,0,0,0,0,0,0,0,0,0,0,0,0,0,0,0,1340,481,350,15,15,15,15,15,15,15,15,15
1226257497,TOTAL_REVENUE_WT,0,0,0,0,0,0,0,0,0,0,0,0,198,0,0,159,0,0,0,0,0,0,0,0,0,0,0,0,0,0
1226257497,TOTAL_VOICE_USAGE,5.26667,15.83333,9.93333,1.45,14.31667,0.7,24.06667,6.63333,1.18333,2.53333,0.28333,15.43333,0,19.1,4.31667,1.65,2.33333,14.78333,0.3,7.3,14.2,0.18333,7.43333,13.4,0,16.63333,0,5.18333,0,6.55
1226257497,WALLET_BALANCE,0.0046,0.001,0.001,0.001,0.001,0.001,0.001,0.001,0.001,0.001,0.001,0.001,0.001,0.001,0.0015,0.0015,0.0015,0.0015,0.0015,0.0015,0.0015,0.0015,0.0015,0.0015,0.0015,0.0015,0.0015,0.0015,0.0015,0.0015
3449852679,MBB_TOTAL_USAGE,846.55464,1300.31475,2082.82917,2283.09315,1336.08237,1971.48296,1020.1333,953.22059,1851.52494,1195.56798,1461.22952,3153.92203,3619.81476,598.16541,667.17113,991.8465,1120.49859,1183.48149,1420.52244,547.32327,785.18254,,,,,,,,,
3449852679,PAYG_MB_RATIO,0,-1,-1,-1,-1,-1,-1,-1,-1,-1,-1,-1,-1,-1,-1,-1,0,0,0,0,0,,,,,,,,,
3449852679,REMAINING_DATA_BAL_MB,12842,12706,12706,15144,14809,14248,13568,13390,13390,13376,12848,12507,12507,12492,11952,11894,11894,11748,11640,11526,11098,,,,,,,,,
3449852679,TOTAL_REVENUE_WT,1299.8489,0,0,0,0,0,0,0,0,0,0,0,0,0,0,0,0,0,0,0,0,,,,,,,,,
3449852679,TOTAL_VOICE_USAGE,9.78333,28.58333,8.31667,6.03333,19.98333,9.95,32.61667,5.83333,38.15,11,18.95,11.83333,0.98333,14.66667,5.66667,1.91667,14.03333,2.73333,9.9,58.45,48.15,,,,,,,,,
3449852679,WALLET_BALANCE,0.0054,0.0054,49.1612,49.1612,49.1612,49.1612,49.1612,49.1612,49.1612,49.1612,49.1612,49.1612,49.1612,49.1612,49.1612,49.1612,49.1612,49.1612,49.1612,49.1612,49.1612,,,,,,,,,
3614895868,MBB_TOTAL_USAGE,758.88917,465.17101,606.45254,921.08667,954.71723,970.46401,995.15385,1708.03275,1099.6614,1305.1728,1095.6017,875.60712,997.94469,2005.15993,1902.0375,753.14834,1548.0921,1556.23482,5.66426,0.02354,0,0,41.26599,1429.43607,607.6491,0,82.01508,860.5481,5.27966,1741.35004
3614895868,PAYG_MB_RATIO,0,0,0,-1,-1,-1,-1,-1,-1,-1,-1,-1,-1,-1,-1,-1,-1,-1,0,0,0,0,0,0,0,0,0,0,0,0
3614895868,REMAINING_DATA_BAL_MB,81,59,59,10,0,0,0,0,0,0,0,0,0,0,0,0,0,502,497,472,450,449,449,449,449,447,432,426,426,425
3614895868,TOTAL_REVENUE_WT,0,0,0.0036,0,0,0,0,0,0,0,0,0,0,0,999,0,0,0,0,0,0,0,0,0,0,0,0,0,0,159.0036
3614895868,TOTAL_VOICE_USAGE,8.3,39.31667,14.83333,3.48333,23.6,15.23333,9.78333,23.83333,9.81667,15.15,8.48333,41.03333,3.53333,5.4,1.93333,6.38333,7.48333,12.2,3.28333,11.11667,5.85,15.58333,26.35,33.18333,15.23333,15.65,17.88333,8.16667,24.75,23.1
3614895868,WALLET_BALANCE,0.0055,0.0055,0.0055,0.0055,0.0019,0.0019,0.0019,0.0019,0.0019,0.0019,0.0019,0.0019,0.0019,0.0019,0.0019,0.0019,0.0068,0.0068,0.0068,0.0068,0.0068,0.0068,0.0068,0.0068,0.0068,0.0068,0.0068,0.0068,0.0068,0.0068
666044786,MBB_TOTAL_USAGE,,,,,,,401.81121,620.23648,1362.81944,1599.89367,589.37598,1777.03977,381.04232,132.97698,557.1361,75.53287,455.32846,313.14931,720.82584,1688.06745,219.97987,368.60722,198.43622,408.25376,416.61909,556.77826,453.49676,181.76567,779.87151,256.14887
666044786,PAYG_MB_RATIO,,,,,,,0,0,0,0,0,0,0,0,0,0,0,0,0,0,0,0,0,0,0,0,0,0,0,0
666044786,REMAINING_DATA_BAL_MB,,,,,,,3303,18628,18628,18542,17345,16113,16113,15930,14382,14273,14273,14012,13948,13902,13812,12632,12632,12505,12363,12345,12206,12002,11902,11842
666044786,TOTAL_REVENUE_WT,,,,,,,0,0,0,0,0,0,0,0,0,0,0,0,0,0,0,0,0,0,0,0,0,0,0,0
666044786,TOTAL_VOICE_USAGE,,,,,,,10.86667,27.41667,47.38333,34.88333,43.66667,21.45,22.05,47.78333,30.95,39.13333,20.3,14.56667,14.03333,22.15,30.85,13.86667,18.51667,41.95,33.26667,17.68333,18.98333,63.26667,18.26667,38.1
666044786,WALLET_BALANCE,,,,,,,0.0077,0.0124,0.0124,0.0124,0.0124,0.0124,0.0124,0.0124,0.0124,0.0124,0.0124,0.0124,0.0124,0.0124,0.0124,0.0124,0.0124,0.0124,0.0124,0.0124,0.0124,0.0124,0.0124,0.0124
1188531973,MBB_TOTAL_USAGE,362.09917,471.1091,671.20894,467.67087,735.41383,486.98486,2.15952,,,,,,,,,,,,,,,,,,,,,,,
1188531973,PAYG_MB_RATIO,15.72141756,17.48700541,18.95554143,24.54309242,33.05929488,42.54635781,58.0239055,79.13229471,3.775566226,0.64844801,23.61954194,23.47986866,22.6717955,15.83461183,12.14850092,7.464100114,6.003794059,4.619189018,2.37737892,3.694326985,0,0,0,0,0,0,0,0,0,
1188531973,REMAINING_DATA_BAL_MB,420,67,67,1,1,0,552,247,247,247,247,247,247,247,247,0,0,0,0,0,0,0,0,0,0,0,0,0,0,
1188531973,TOTAL_REVENUE_WT,0,0,0,0.0036,256.0036,0,0,,,,,,,,,,,,,,,,,,,,,,,
1188531973,TOTAL_VOICE_USAGE,0,0,0,0,0,0,0,,,,,,,,,,,,,,,,,,,,,,,
1188531973,WALLET_BALANCE,-29.9895,-29.9895,-29.9895,-29.9895,-29.9895,-29.9931,-29.9938,-29.9938,-29.9938,-29.9938,-29.9938,-29.9938,-29.9938,-29.9938,-29.9938,-29.9938,-29.9938,-29.9938,-29.9938,-29.9938,-29.9938,-29.9938,-29.9938,-29.9938,-29.9938,-29.9938,-29.9938,-29.9938,-29.9938,
320557789,MBB_TOTAL_USAGE,2315.00901,1223.94854,1373.80569,1183.26738,2789.84671,1876.97679,3447.52615,1421.01262,952.27246,2120.31987,1267.46454,2973.28133,1876.427,1777.20823,2057.49798,2386.07801,2255.12007,2347.80952,2971.12897,1844.18722,1618.77859,965.32937,1708.2174,2465.11077,1253.94387,2430.42427,1387.47381,2043.47118,1531.14682,2213.62904
320557789,PAYG_MB_RATIO,0,0,0,0,0,0,0,0,0,0,0,0,0,0,0,0,0,0,0,0,0,0,0,0,0,0,0,0,0,0
320557789,REMAINING_DATA_BAL_MB,1066,952,952,15399,14739,14198,12737,12157,12157,10839,10095,9613,9613,9204,8502,7575,7575,6840,6304,5945,5253,4234,4234,4020,3820,3695,2859,2744,2092,1751
320557789,TOTAL_REVENUE_WT,1708.1421,0,0,0,0,0,0,0,0,0,0,0,0,0,0,0,0,0,0,0,0,0,0,0,0,0,0,0,0,0
320557789,TOTAL_VOICE_USAGE,0.06667,0,0.35,0.9,0,0,0,0,0,0,1.16667,0,0,0,0.18333,0,0,0,0.75,0,0,0,0,2.18333,0,0,0,0.55,0.38333,0
320557789,WALLET_BALANCE,109.1676,109.1676,0.0263,0.0263,0.0263,0.0263,0.0263,0.0263,0.0263,0.0263,0.0263,0.0263,0.0263,0.0263,0.0263,0.0263,0.0263,0.0263,0.0263,0.0263,0.0263,0.0263,0.0263,0.0263,0.0263,0.0263,0.0263,0.0263,0.0263,0.0263
194148974,MBB_TOTAL_USAGE,,,145.95474,508.60241,25.18336,129.8201,154.64195,209.87592,382.68692,51.00604,15.80714,116.96536,8.91009,9.33963,11.01836,11.13717,88.12663,68.64848,39.02741,21.15556,164.68657,239.2106,219.95027,325.71356,114.56187,100.4901,332.00538,100.90174,64.29855,122.03558
194148974,PAYG_MB_RATIO,,,-0.999605961,-0.999581702,-0.999394538,-0.999484115,-0.999380051,-0.999261606,-0.999136627,3.595353384,0,0,0,0,0,0,0,0,0,4.753918812,5.394734041,4.814464963,4.434790909,3.797039106,-0.192125778,-1,-1,-1,-1,-1
194148974,REMAINING_DATA_BAL_MB,,,1335,1296,1231,1086,2024,1897,1897,1743,1156,1106,1106,1092,976,959,959,952,695,608,542,1958,1958,1796,1562,1345,2495,1904,1807,1477
194148974,TOTAL_REVENUE_WT,,,0,119,0,0,0,0,0,0,0,0,0,0,0,0,0,0,1.3145,119,0,0,0,119.5301,0,0,0,0,0,0
194148974,TOTAL_VOICE_USAGE,,,1.13333,6.96667,2.2,1.61667,0,4.93333,0.46667,0,4.95,0,0,0.85,8.66667,1.18333,1.28333,1.8,0.71667,0,1.63333,5.05,0,2.2,0.11667,7.48333,4.53333,25.26667,13.1,26.53333
194148974,WALLET_BALANCE,,,1.3154,1.3159,1.3159,1.3179,1.3179,1.3179,1.3179,1.3179,1.3179,1.3179,1.3179,1.3179,1.3179,1.3179,1.3179,1.3179,1.3179,1.3179,0.0034,0.0054,0.0054,0.0054,0.0054,49.4773,49.4773,49.4773,49.4773,49.4773
503934563,MBB_TOTAL_USAGE,560.98316,46.03953,8.54317,6.21779,9.1742,5.49202,7.84133,5.66533,59.79326,128.95696,63.39676,1.90816,19.81035,4.33687,8.97183,277.42446,16.44286,2.84019,8.04324,4.97645,15.66033,7.54617,9.37071,0.26489,6.05943,6.68021,0.01385,0.17959,,
503934563,PAYG_MB_RATIO,0,0,0,0,0,0,0,0,0,0,0,0,0,0,0,0,0,0,0,-1,-1,-1,-1,-1,-1,-1,-1,-1,,
503934563,REMAINING_DATA_BAL_MB,5760,5759,5759,5619,5617,5617,5523,5523,5523,3525,3468,1816,1816,1763,1763,1743,1743,1743,1468,1452,1452,0,0,0,0,0,0,0,,
503934563,TOTAL_REVENUE_WT,0,0,0,0,0,0,0,0,0,0,204.3909,0,0,0,0,0,0,0,0.5838,0.0574,4.9569,0,0,0,0,0,0,0,,
503934563,TOTAL_VOICE_USAGE,4.15,12.43333,19.45,18.41667,13.06667,6.21667,9.53333,13.06667,9.33333,6.2,6.8,3.55,7.71667,7.11667,8.86667,2.01667,2.83333,1.35,15.21667,3.93333,8.98333,9.45,41.15,7.43333,11.36667,11.08333,0.95,5.31667,,
503934563,WALLET_BALANCE,5.621,-2.9002,-11.4214,-19.9426,-19.9426,-19.9426,-19.9426,-19.9426,-19.9426,-19.9426,-19.9426,-19.9426,2.641,-5.8802,-14.4014,-14.4014,-14.4014,-14.4014,-14.4014,-14.4014,-14.9852,-15.0426,-19.9995,-19.9995,-19.9995,-19.9995,-19.9995,-19.9995,,
816808793,MBB_TOTAL_USAGE,817.34486,240.45039,1389.85256,717.63193,177.76827,,515.32995,1015.88902,787.47752,1340.73059,615.49146,852.95092,809.35228,494.83366,784.12908,1352.08805,1543.13839,753.12117,680.76628,308.99417,113.39856,987.90032,1679.60343,876.32207,,,,,716.58772,335.93063
816808793,PAYG_MB_RATIO,0,0,0,0,0,,-1,-1,-1,-1,-1,-1,-1,-1,-1,-1,-1,-1,-1,-1,14.0547625,0,0,0,,,,,0,0
816808793,REMAINING_DATA_BAL_MB,1953,1608,1608,1546,1543,,1338,3071,3071,3066,3044,2892,2892,2867,2765,2730,2730,2724,2654,2204,2201,2146,2146,2144,,,,,1629,1593
816808793,TOTAL_REVENUE_WT,0,0,0,0,54.6108,,0,0,0,0,0,0,0,0,0,0,0,0,0,0,0,0,0,0,,,,,0,0
816808793,TOTAL_VOICE_USAGE,4.25,13.33333,13.36667,11.76667,1.8,,0,0,0.45,2.25,0.83333,2.86667,0,5.58333,0.88333,0,9.55,18,0.2,11.03333,3.11667,1.41667,1.56667,0,,,,,1.33333,1.3
816808793,WALLET_BALANCE,64.7694,64.7694,64.7694,64.7694,64.7694,,510.1586,59.2734,59.2734,59.2734,59.2734,59.2734,59.2734,59.2734,59.2734,59.2734,59.2734,59.2734,59.2734,59.2734,59.2734,59.2734,59.2734,59.2734,,,,,38.2752,102.0159
766816460,MBB_TOTAL_USAGE,829.47588,404.12285,1528.83785,695.02971,379.38945,3801.15647,1299.64813,1055.22694,1723.44922,1722.60739,2469.67213,2082.01987,395.5566,594.9287,471.09141,1083.81184,1066.98754,1702.61906,4370.73959,870.3252,2398.7595,1460.01016,2976.87285,2379.4614,2973.55271,944.68713,983.25633,2394.49627,1761.15624,3407.96909
766816460,PAYG_MB_RATIO,0,0,0,0,0,0,0,0,0,0,0,0,0,0,0,0,0,0,-1,-1,-1,-1,-1,-1,-1,-1,-1,-1,-1,-1
766816460,REMAINING_DATA_BAL_MB,6148,5153,5153,4326,3937,2429,1062,5380,5380,5187,4559,3894,3894,2696,2489,2223,2223,1994,1843,1228,10015,6500,6500,4232,3732,1627,10047,7412,6841,6291
766816460,TOTAL_REVENUE_WT,0,0,0,0,0,956,0,0,0,0,0,0,0,0,0,0,0,715.018,0,0,0,0,0,715.0068,0,0,0,0,0,0
766816460,TOTAL_VOICE_USAGE,9.93333,8.26667,30.83333,5.66667,0,23.88333,4.63333,7.1,10.78333,16.05,1.4,2.78333,0.91667,28.58333,3.41667,13.28333,4.23333,5.23333,13.06667,14.78333,31.86667,16.38333,21.25,16.46667,4.15,16.83333,17.26667,5.73333,2.18333,28.03333
766816460,WALLET_BALANCE,0.015,0.015,0.015,0.015,0.015,0.015,0.015,0.0203,0.0203,0.0203,0.0203,0.0203,0.0203,0.0203,0.0203,0.0203,0.0203,0.0203,0.0203,0.0068,0.0068,0.0068,0.0068,0.0068,0.0068,0.0045,0.0045,0.0045,0.0045,0.0045
1606234251,MBB_TOTAL_USAGE,1095.30844,1282.61429,1123.40675,1626.71706,607.02628,835.95137,1218.95346,1183.86962,1545.20826,339.44928,883.11641,340.36328,345.36103,556.92596,,,224.94188,166.91438,382.03982,848.36706,353.51993,585.57603,409.61731,601.19937,642.97787,465.15232,1376.74659,548.95651,812.88429,920.41215
1606234251,PAYG_MB_RATIO,-0.998730092,-0.998661553,-0.997794389,-0.997713556,-0.997656394,-0.997855815,-0.998091881,-0.998857985,-0.998829263,-0.938443142,90.89978697,106.3067026,98.810609,88.88919184,,,0,0,0,0,0,0,0,0,0,0,0,0,0,0
1606234251,REMAINING_DATA_BAL_MB,2618,1344,1344,316,722,15482,13649,12973,12973,11902,9573,9323,9323,8500,,,7438,7202,6616,6397,6231,5398,5398,5140,4735,4438,3982,5047,4662,4820
1606234251,TOTAL_REVENUE_WT,0.0171,159,502,0,0,0,0,0,0,0,0,0,0,0,,,0,0,197,0,0,0,0,0,159,0,159,0,0,0
1606234251,TOTAL_VOICE_USAGE,0,0,0,0,0,0,0,0,0,0,0,0,0,0,,,4.66667,15.05,10.95,7.63333,18.2,7.3,14.08333,6.01667,14.45,5.96667,15.38333,9.8,1.5,11.75
1606234251,WALLET_BALANCE,0.3009,0.0171,0,0,0.0023,0.0023,0.0023,0.0023,0.0023,0.0023,0.0023,0.0023,0.0023,0.0023,,,0.0023,0.0028,0.0028,0.0028,0.0038,0.0038,0.0038,0.0038,0.0038,0.0038,0.0038,0.0038,0.0038,0.0038
253379914,MBB_TOTAL_USAGE,,,,,,,,,,,,403.06682,953.14751,771.89529,515.08594,488.89228,610.34817,850.01013,255.58987,343.72912,665.11863,524.69636,333.07397,347.84852,485.61967,465.24446,391.20409,404.26411,414.23438,338.27781
253379914,PAYG_MB_RATIO,,,,,,,,,,,,-1,-1,-1,-1,0,0,0,0,0,0,0,0,0,0,0,0,0,0,0
253379914,REMAINING_DATA_BAL_MB,,,,,,,,,,,,361,361,347,344,334,334,315,304,301,286,282,282,279,275,268,258,247,242,240
253379914,TOTAL_REVENUE_WT,,,,,,,,,,,,0,0,0,0,0,0,0,0,0,0,0,0,0,0,0,0,0,0,0
253379914,TOTAL_VOICE_USAGE,,,,,,,,,,,,2.81667,14.06667,19.35,23.26667,6.73333,2.48333,15.08333,4.41667,21.4,23.68333,84.28333,55.53333,27.18333,19.65,8.23333,2.86667,33.3,14.11667,27.15
253379914,WALLET_BALANCE,,,,,,,,,,,,0.0077,0.0077,0.0077,0.0077,0.0077,0.0077,0.0077,0.0077,0.0077,0.0077,0.0077,0.0077,0.0077,0.0077,0.0077,0.0077,0.0077,0.0077,0.0077
3747388687,MBB_TOTAL_USAGE,330.15178,149.50237,80.4999,147.38133,279.47431,93.16661,122.79968,82.77283,104.57451,210.87849,143.57975,33.48611,92.50996,446.53854,359.00665,188.08915,253.87002,281.77618,262.10408,560.59342,340.47711,164.13761,173.35357,1123.22261,561.2176,822.81483,64.93222,329.93797,95.77619,179.53828
3747388687,PAYG_MB_RATIO,-0.338323434,-0.253008638,-0.118866864,-0.334267708,-0.356796021,-0.333450194,-0.35880456,-0.065581868,-0.121191699,-0.19949237,-0.437850133,-0.338344158,-0.459796078,-0.449525869,0,0,0,0,0,0,0,0,0,0,0,0,0,0,0,0
3747388687,REMAINING_DATA_BAL_MB,0,4033,4033,3798,3768,3760,3512,3498,3498,3478,3450,3443,3443,3424,3417,3255,3255,3235,3222,3199,3145,2654,2654,2408,2348,2280,2176,2091,2049,2026
3747388687,TOTAL_REVENUE_WT,0,0,0.5682,0,0,0,0,0,0,0,0,0,0,0,0,0,0,0,0,0.1419,0,17.1675,6.1481,12.9717,8.6562,2.9799,5.4387,0,3.5943,41.1536
3747388687,TOTAL_VOICE_USAGE,0.2,0.35,6.43333,1.58333,0.11667,0.48333,3.51667,0.41667,0.81667,3.98333,6.7,3.11667,0.9,0,14.35,13.01667,3.71667,1.11667,2.1,1.05,0,6.06667,2.15,0.66667,2.61667,0.93333,1.91667,0,1.26667,0
3747388687,WALLET_BALANCE,0.7361,0.7379,0.7379,0.7379,0.1697,0.1697,0.1697,0.1697,0.1697,0.1697,0.1697,0.1697,0.1697,0.1697,0.1697,0.1697,0.1697,0.1697,0.1697,0.1697,0.1697,0.0278,0.0278,102.8603,96.7122,83.7405,75.0843,72.1044,66.6657,66.6657
792196608,MBB_TOTAL_USAGE,201.07239,637.98515,111.06954,35.23686,34.65805,30.47974,655.97287,174.87777,475.77298,564.90845,393.78204,345.9243,750.76575,801.2018,895.17867,746.27333,774.91096,874.7233,1085.4868,706.55713,812.83075,943.3829,814.5947,692.22602,958.91183,884.99518,570.66716,850.42683,931.8672,714.63018
792196608,PAYG_MB_RATIO,0,0,0,0,0.210634479,0.142829106,0.147746092,-0.039955728,-0.131577922,-0.261799434,-0.291378382,-0.195499012,-0.103215607,-0.517202014,-0.407798051,-1,-1,-1,-1,0.262228618,0.484650386,0.735945752,0.835610404,1.182431221,1.531921521,1.71688656,1.632724073,1.564320982,1.481438806,1.250194615
792196608,REMAINING_DATA_BAL_MB,1242,905,905,718,98,9,0,0,0,494,466,454,454,374,351,45,45,19,7,2,0,0,0,0,0,0,0,0,4924,4787
792196608,TOTAL_REVENUE_WT,198,0,0,0.0036,0,0,999,0,0,0,0,0,0,0,0,0,0,0.0036,0,0,0,0,0,0,0,169,0,0,0,0
792196608,TOTAL_VOICE_USAGE,15.31667,26.08333,19.05,18.8,19.08333,30.38333,40.2,30.18333,13.36667,20.98333,26.91667,17.55,19.35,6.71667,9.06667,0.9,8.91667,39.3,12.78333,16.95,45.66667,16.71667,24.86667,39.4,59.93333,17.36667,43.28333,47.81667,43.9,24.3
792196608,WALLET_BALANCE,0.0034,0.0034,0.0039,0.0039,0.0039,0.0003,0.0003,0.0003,0.0052,0.0052,0.0052,0.0052,0.0052,0.0052,0.0052,0.0052,0.0052,0.0052,0.0052,0.0016,0.0016,0.0016,0.0016,0.0016,0.0016,0.0016,0.0016,0.0016,0.0016,1.0084
3462184223,MBB_TOTAL_USAGE,,,,,124.97441,1095.97201,600.61388,819.49221,964.83536,430.39449,882.884,1106.44625,600.75458,907.45525,1044.75954,795.01582,1155.165,1054.72579,,,,,,,,,,,,
3462184223,PAYG_MB_RATIO,,,,,-1,-1,-1,-1,-1,-1,-1,-1,-0.596883046,-0.632939575,0.312473527,0.303668895,0.867970161,9.610836226,9.78267443,350.2669695,399.8516751,378.8504405,0,0,0,0,0,0,0,0
3462184223,REMAINING_DATA_BAL_MB,,,,,1504,542,1415,319,319,1259,1013,586,586,1241,70,1535,1535,491,1234,73,3232,3232,3232,3232,3232,3232,3232,3232,3232,3232
3462184223,TOTAL_REVENUE_WT,,,,,159.0717,0,159.6232,0,159,0,159,0,159,159,0,159,198,797,,,,,,,,,,,,
3462184223,TOTAL_VOICE_USAGE,,,,,0,8.16667,0,3.68333,0.25,1.38333,2.83333,0,11.25,0.58333,14.75,0,81.26667,23.06667,,,,,,,,,,,,
3462184223,WALLET_BALANCE,,,,,-8.3388,-29.3045,-29.3762,-29.3762,-29.9994,-29.9994,-29.9994,-29.9994,-29.9994,-29.9994,-29.9994,-29.9994,-29.9994,-29.9994,-29.9989,-29.9971,-29.9971,-29.9971,-29.9971,-29.9971,-29.9971,-29.9971,-29.9971,-29.9971,-29.9971,-29.9971
319917925,MBB_TOTAL_USAGE,,,103.32399,26.40494,71.43713,203.68075,222.7807,113.57986,93.64777,11.27114,11.57244,13.15078,8.4522,94.5502,5.89501,8.41213,8.05659,60.52754,11.87424,51.25534,13.6784,13.76287,10.05841,10.14226,250.36623,233.35921,301.77523,235.17557,195.51255,11.67697
319917925,PAYG_MB_RATIO,,,0,0,0,0,0,0,0,0,-1,-1,-1,-1,-1,-1,-1,-1,-1,-1,-1,-1,-1,-1,-1,-0.702189587,0,0,0,0
319917925,REMAINING_DATA_BAL_MB,,,414,351,858,856,799,604,604,167,1,0,0,0,0,0,0,0,0,0,0,0,0,0,0,0,0,1300,1083,793
319917925,TOTAL_REVENUE_WT,,,0,0,0,0,0,0,0,0.3059,0.2734,0,0,0,0,0,0,0,0,0,0,0,0,0,159,0,0,0,0,0
319917925,TOTAL_VOICE_USAGE,,,26.2,3.48333,0.48333,0.48333,9.35,1.61667,12.83333,2,7.96667,4.16667,2.95,2.78333,2.11667,2.1,0.23333,0.8,12.86667,4.1,0,2.26667,2.66667,4.58333,3.3,4.06667,1.9,0,1.7,0.6
319917925,WALLET_BALANCE,,,-4.3209,-30.4477,-38.9689,-50.8986,-59.4198,-59.4198,-59.4198,-59.4198,-59.4198,-59.7365,-59.9991,-59.9991,-59.9991,-59.9991,-59.9991,-59.9991,-59.9991,-59.9991,-59.9991,-59.9991,-59.9991,-59.9991,-59.9991,-59.9991,-59.9991,-59.9991,-59.9991,-59.9991
12354349,MBB_TOTAL_USAGE,696.57888,430.93668,301.66119,572.70829,478.03925,788.92284,637.67164,546.80072,281.39957,502.63371,763.58367,404.97201,893.17888,532.77708,915.96554,526.31272,419.3839,231.89176,1294.39793,792.7605,803.38169,1356.17082,837.17528,399.05958,543.72953,412.84109,433.81697,630.97486,1598.45966,516.3485
12354349,PAYG_MB_RATIO,0,0,0,0,0,0,0,0,0,0,0,0,0,0,0,0,0,0,0,0,0,0,0,0,0,0,0,0,0,0
12354349,REMAINING_DATA_BAL_MB,3391,3301,3301,3154,3055,3015,6666,6420,6420,6393,3943,5824,5824,5534,5333,4794,4794,4554,4419,4335,4271,3540,3540,3147,2844,2519,2415,2124,1881,1774
12354349,TOTAL_REVENUE_WT,0,0,0,0,801.2606,0,0,0,0,593.3551,0,0,0,0,0,0,0,0,0,0,0,0,0,0,0,0,0,0,0,0
12354349,TOTAL_VOICE_USAGE,11.5,0,0.68333,14.51667,11.83333,8.5,0,8.06667,5.81667,11.91667,19.73333,8.51667,10.31667,1.96667,13.2,45.4,0,15.38333,16.3,0,6.76667,13.03333,7.16667,2.28333,7.35,0,1.75,9.45,15.21667,6.06667
12354349,WALLET_BALANCE,1.2477,1.2477,1.2477,1.2477,1.2477,22.5786,2.3739,2.3739,2.3739,2.3739,2.3739,2.0191,2.0191,2.0191,2.0191,2.0191,2.0191,2.0191,2.0191,2.0191,2.0191,2.0191,2.0191,2.0191,2.0191,2.0191,2.0191,2.0191,2.0191,2.0191
2297299959,MBB_TOTAL_USAGE,,,,,,,,,,,,,,,,,,793.0466,463.4021,345.48865,998.14306,684.60271,560.99421,1234.90447,425.76864,436.18555,631.56781,1291.61418,477.70493,359.83767
2297299959,PAYG_MB_RATIO,,,,,,,,,,,,,,,,,,-0.892743533,-0.880067017,-0.881439647,-0.867192583,3.269641567,3.349399925,2.980310646,3.070996645,2.958968472,1.623211956,1.419069758,1.309230487,6.258820902
2297299959,REMAINING_DATA_BAL_MB,,,,,,,,,,,,,,,,,,0,0,311,0,0,0,0,0,0,0,0,0,0
2297299959,TOTAL_REVENUE_WT,,,,,,,,,,,,,,,,,,0.0036,0,0,0,0,0,0,0,9.287,0.1934,0.9707,8.0657,0.2687
2297299959,TOTAL_VOICE_USAGE,,,,,,,,,,,,,,,,,,1.2,0.31667,2.5,0,0.28333,11.81667,3.18333,22.25,5.3,1.21667,33.65,71.73333,5.41667
2297299959,WALLET_BALANCE,,,,,,,,,,,,,,,,,,0.0014,0.0063,0.0027,0.0027,0.0027,0.0027,0.0027,0.0027,0.0027,0.0027,0.7157,0.5223,14.1312
3354727324,MBB_TOTAL_USAGE,,,,,,,,,838.46633,365.60224,573.30035,399.26664,,,,,,,,,,,,,,,,,,
3354727324,PAYG_MB_RATIO,,,,,,,,,0,0,0,0,,,,,,,,,,,,,,,,,,
3354727324,REMAINING_DATA_BAL_MB,,,,,,,,,14115,14938,15631,14440,,,,,,,,,,,,,,,,,,
3354727324,TOTAL_REVENUE_WT,,,,,,,,,159,0,159,318,,,,,,,,,,,,,,,,,,
3354727324,TOTAL_VOICE_USAGE,,,,,,,,,5.25,2.78333,6.96667,0.21667,,,,,,,,,,,,,,,,,,
3354727324,WALLET_BALANCE,,,,,,,,,99.0701,99.0736,99.0771,99.0771,,,,,,,,,,,,,,,,,,
669436794,MBB_TOTAL_USAGE,168.74291,,,,,,,,,115.42613,82.15601,327.29947,286.44925,0.03192,,132.02186,251.94037,43.21784,562.16462,3.14242,,,,89.17282,824.3996,559.55071,224.11573,437.7825,94.7851,209.16259
669436794,PAYG_MB_RATIO,0,,,,,,,,,-1,-1,-1,-1,-1,-1,-1,-0.999883583,-0.46344352,-0.433383777,-0.411902924,-0.404595755,-0.507909697,-0.45106895,0,0,0,0,0,0,0
669436794,REMAINING_DATA_BAL_MB,361,,,,,,,,,237,1042,1040,1040,1039,1027,1026,1026,1026,1013,1012,1011,874,874,874,874,512,509,507,503,502
669436794,TOTAL_REVENUE_WT,0.0036,,,,,,,,,0,0,0,0,0,,0,0,0,0,0,,,,0,0,0,0,0,0,0
669436794,TOTAL_VOICE_USAGE,0.3,,,,,,,,,0.56667,0,0,1.2,0,,2.11667,6.65,1.65,0,0,,,,1.33333,3.9,0,0,0,0.38333,0
669436794,WALLET_BALANCE,0.0059,,,,,,,,,-39.9986,-39.9937,-39.9937,-39.9937,-39.9937,-39.9937,-39.9937,-39.9937,-39.9937,-39.9937,-39.9937,-39.9937,-39.9937,-39.9937,-39.9937,-39.9937,-39.9937,-39.9937,-39.9937,-39.9937,-39.9937
810897094,MBB_TOTAL_USAGE,,,,,,,,,,,,,,,,38.55895,0,0.01975,3.14046,1.28674,3.42565,144.54323,1.63542,6.58017,18.25902,2.26468,3.85423,2.72939,,
810897094,PAYG_MB_RATIO,,,,,,,,,,,,,,,,0,0,0,0,0,0,0,0,0,0,0,0,0,0,0
810897094,REMAINING_DATA_BAL_MB,,,,,,,,,,,,,,,,0,0,345,306,306,306,306,306,306,163,163,163,163,163,163
810897094,TOTAL_REVENUE_WT,,,,,,,,,,,,,,,,0,0,0,0,0,0,0,198,0,0,0,0,0,,
810897094,TOTAL_VOICE_USAGE,,,,,,,,,,,,,,,,1.15,6.28333,2.95,4.68333,1.6,11.5,9.43333,2.95,13.55,32.46667,7.95,7.81667,7.25,,
810897094,WALLET_BALANCE,,,,,,,,,,,,,,,,0.001,0.001,0.001,0.001,0.001,0.001,0.001,0.001,0.001,0.0015,0.0015,0.0015,0.0015,0.0015,0.0015
14917930,MBB_TOTAL_USAGE,1085.4834,1380.93686,1025.60405,1097.99466,796.25737,662.64651,1061.40238,1365.7237,760.58036,836.04005,861.87763,962.56947,924.98505,650.66745,1067.62319,1075.97011,1256.77358,1178.97337,709.95004,402.99693,,1046.95836,1422.39798,1176.85456,514.0784,1098.85796,873.09075,1078.26533,1991.76944,2082.88143
14917930,PAYG_MB_RATIO,-1,-1,-1,-1,-1,-0.580673885,-0.59993169,-0.651670485,-0.631413055,-0.625138288,-0.619126644,-0.468037132,1.674866349,2.616668222,13.94048635,57.93671414,0,0,0,0,,3.493055482,3.329587339,3.166081844,3.28785773,3.153432525,2.735142875,0.606024979,0.294341043,-0.600432589
14917930,REMAINING_DATA_BAL_MB,0,0,0,1918,1642,1621,1540,1532,1532,1365,1107,1084,1084,1001,988,769,769,720,616,234,,0,0,15359,15359,15359,15359,15359,15359,15359
14917930,TOTAL_REVENUE_WT,198.1958,0,0,0,0,0,0,0,0,0,0,0,0,0,0,0,0,0,0,32.7863,,0,0,0,0,0,0,0,0,0
14917930,TOTAL_VOICE_USAGE,76.41667,24.01667,21.68333,74.95,20.85,0,46.63333,66.3,49.25,45.93333,13.55,44.98333,18.36667,10.76667,11.13333,124.18333,95.11667,53.71667,1.45,14.5,,25.76667,68.88333,43.45,34.75,14.78333,10.18333,30.05,64.33333,188
14917930,WALLET_BALANCE,23.2476,15.9775,12.7888,12.7888,12.7888,12.7888,12.7888,12.7888,12.7888,12.7888,12.7888,12.7888,12.7888,12.7888,12.7888,12.7888,12.7888,12.7888,12.7888,12.7888,,-19.9975,-19.9967,-19.9967,-19.9967,-19.9967,-19.9967,-19.9967,-19.9967,-19.9967
1080989423,MBB_TOTAL_USAGE,,,,,,,,,,,,,,,,,,,,,,,410.62154,340.02779,120.84738,58.68541,297.9323,317.65152,286.50543,188.16522
1080989423,PAYG_MB_RATIO,,,,,,,,,,,,,,,,,,,,,,,0,0,0,0,0,0,0,0
1080989423,REMAINING_DATA_BAL_MB,,,,,,,,,,,,,,,,,,,,,,,0,3056,3054,3052,3050,3049,3049,3048
1080989423,TOTAL_REVENUE_WT,,,,,,,,,,,,,,,,,,,,,,,0,0,0,0,0,0,0,0
1080989423,TOTAL_VOICE_USAGE,,,,,,,,,,,,,,,,,,,,,,,0,0,0,0,0,0,0,0
1080989423,WALLET_BALANCE,,,,,,,,,,,,,,,,,,,,,,,0.0049,0.0049,0.0049,0.0049,0.0049,0.0049,0.0049,0.0049
3747400601,MBB_TOTAL_USAGE,,,,,,,,,,,,,,,,,,,,1401.67029,864.67519,1028.02024,722.45501,1649.87757,1115.91332,660.84382,1265.42488,453.20943,494.28401,526.92808
3747400601,PAYG_MB_RATIO,,,,,,,,,,,,,,,,,,,,-0.862805561,-0.870272596,-0.887841776,-0.88920423,-0.885681005,-0.868590054,-0.964780499,-0.982246456,-0.990697297,-0.99989745,-0.999899064
3747400601,REMAINING_DATA_BAL_MB,,,,,,,,,,,,,,,,,,,,0,0,0,0,0,0,0,0,0,0,0
3747400601,TOTAL_REVENUE_WT,,,,,,,,,,,,,,,,,,,,1.1428,0,0,0,0,0,0,39.3106,0.1397,348.3081,0.2436
3747400601,TOTAL_VOICE_USAGE,,,,,,,,,,,,,,,,,,,,0,3.95,1.63333,0.95,2.33333,2.23333,20,1.41667,0.53333,3.95,0.86667
3747400601,WALLET_BALANCE,,,,,,,,,,,,,,,,,,,,15.9833,1.1449,0.0021,0.0021,0.0021,0.0021,0.0021,0.0021,0.0021,0.6915,0.5518
1265786646,MBB_TOTAL_USAGE,,,,,,,,,,,,,,,,157.35618,623.91995,764.73742,533.32878,341.8275,606.00393,335.8471,1239.63408,471.1991,925.07794,733.60403,1672.54842,1965.08748,1118.80857,1.31824
1265786646,PAYG_MB_RATIO,,,,,,,,,,,,,,,,3.292324471,2.989661225,2.780519432,2.726233813,0,0,0,0,0,0,0,0,0,0,-0.999841372
1265786646,REMAINING_DATA_BAL_MB,,,,,,,,,,,,,,,,69,69,56,50,47,35,0,0,0,0,0,0,1501,1487,927
1265786646,TOTAL_REVENUE_WT,,,,,,,,,,,,,,,,0,0,0,0,0,0,0,0,0,159,0,0,0,67.2417,0
1265786646,TOTAL_VOICE_USAGE,,,,,,,,,,,,,,,,27.4,4.96667,9.16667,6.38333,8.61667,17.31667,37.76667,16.06667,25.48333,35.21667,8.3,17.15,16.66667,31.5,0.38333
1265786646,WALLET_BALANCE,,,,,,,,,,,,,,,,0.0002,0.0002,0.0002,0.0002,0.0002,0.0002,0.0002,0.0002,0.0002,0.0002,0.0002,0.0002,0.0002,0.0002,0.0002
3521425571,MBB_TOTAL_USAGE,,284.91133,133.85712,608.97837,302.28025,400.25675,79.18528,173.73538,54.99578,522.07769,130.57783,344.87972,587.1607,114.96028,,,20.99898,2.87593,1084.64098,333.27284,170.54305,269.99993,191.69137,391.11173,288.16996,312.8365,214.36547,153.23504,133.37494,245.35
3521425571,PAYG_MB_RATIO,,0,0,0,0,0,0,0,0,0,0,0,0,0,,,-1,-1,-1,-1,-1,-1,-1,-1,-1,-1,-1,-1,-1,0
3521425571,REMAINING_DATA_BAL_MB,,714,714,712,711,711,690,688,688,680,669,258,258,180,,,44,0,4095,4095,4095,4095,4095,4095,4095,4095,4095,4095,4095,4095
3521425571,TOTAL_REVENUE_WT,,0,0,0,667,0,0,0,0,0,0,0,0,1.0852,,,0,0,0,0,0,0,0,0,0,0,0,0,0,0
3521425571,TOTAL_VOICE_USAGE,,49.55,42.38333,47.4,133.73333,73.95,38.05,29.16667,39.78333,112.95,14.71667,41.56667,71.66667,45.51667,,,133.88333,32.4,26.85,107.15,246.83333,106.05,170.28333,87.11667,145.45,213.71667,49.61667,91.11667,189.9,20.33333
3521425571,WALLET_BALANCE,,0.0075,0.008,0.008,0.008,0.008,0.0091,0.0091,0.0091,0.0091,0.0091,47.5616,2.8331,1.7599,,,0.0026,0.0044,0.0044,0.0044,0.0044,0.0044,0.0044,0.0044,0.0044,0.0044,0.0044,0.0044,0.0044,0.0044
2289050789,MBB_TOTAL_USAGE,837.398,1474.3694,680.58823,1609.48821,742.63334,1099.51916,1298.64816,820.59879,1036.59744,2006.01558,556.35278,895.47205,1136.75342,1180.61531,897.45462,820.66815,860.00067,1483.41164,1645.22341,974.32697,869.73427,839.4538,637.83604,668.82895,391.1538,756.86357,,,,
2289050789,PAYG_MB_RATIO,-0.808958733,-0.852253509,-0.838008875,-0.831530681,-0.90195611,-1,-1,-1,-1,0.120474318,0.2019194,0.077505341,0.15141474,0.177152456,0.32020678,0.462582149,0.690498683,0.540845775,0.610972533,0,0,0,0,0,0,0,,,,
2289050789,REMAINING_DATA_BAL_MB,695,666,666,507,322,78,0,0,0,0,1270,1091,1091,1036,854,447,447,234,184,132,0,0,0,0,0,0,,,,
2289050789,TOTAL_REVENUE_WT,0,0,0,5.8572,0,0,0,0,159,0,0,0,0,0,0,0,0,0,0,0,0,0,0,0,0,163.3037,,,,
2289050789,TOTAL_VOICE_USAGE,22.61667,19.1,21.3,25.28333,44.93333,6.16667,22.36667,13.7,37,29.01667,43.48333,57.93333,93.18333,59.05,49.15,43.93333,22.36667,38.88333,61.73333,18.58333,29.01667,4.1,28.91667,12.5,13.85,3.63333,,,,
2289050789,WALLET_BALANCE,5.8572,5.8572,5.8572,5.8572,5.8572,0,0,0,0,0,0,0,0,0,0,0,0,0,0,0,0,0,0,0,0,0,,,,
3467685970,MBB_TOTAL_USAGE,1349.5895,893.54911,1108.76832,137.71355,530.66955,1096.85137,1577.06374,377.6909,185.87848,478.49306,139.13916,899.53327,1709.2653,1209.45143,817.80868,271.37378,383.31536,357.88025,617.06607,223.47945,794.8671,1003.54307,1241.42875,572.54524,1605.43282,1420.85514,792.01718,255.38124,223.20311,389.21217
3467685970,PAYG_MB_RATIO,0,0,0,0,0,0,0,0,0,0,0,0,0,0,0,0,-1,-1,-1,-1,-1,-1,-1,-1,-1,-1,-1,-1,-1,-1
3467685970,REMAINING_DATA_BAL_MB,3031,1668,1668,764,256,1887,1607,801,801,1,0,0,0,0,0,225,225,0,0,0,0,0,0,15067,14606,28987,28441,26943,25707,25098
3467685970,TOTAL_REVENUE_WT,0,0,307,0,0,0,0,0,0,0,0,0,307,0,0,0.0001,0,0,0,65,317.0124,22.0859,136.682,0,9.6005,0,0,0,0,0
3467685970,TOTAL_VOICE_USAGE,7.5,4.88333,14.9,3.63333,0,7.8,2.68333,12.13333,4.78333,10.08333,4.05,12.9,12.95,2.13333,22.81667,5.15,29.28333,1.9,7.16667,0,4.23333,7.76667,1.65,0,3.38333,0,0,0,0,0
3467685970,WALLET_BALANCE,0.0363,0.0363,0.0363,0.0363,0.0379,0.0379,0.0379,0.0379,0.0379,0.0379,0.0379,0.0379,0.0379,0.0379,0.0395,0.0395,0.0395,0.0394,0.0394,0.0394,0.0394,0.0448,278.9978,222.8773,52.1607,18.1261,0.0044,0.0044,0.0044,0.0044
805637054,MBB_TOTAL_USAGE,91.59804,277.27115,166.01386,311.58562,278.51784,84.76838,95.26853,,272.26177,98.74793,70.14866,123.69995,241.79934,70.61637,105.38485,400.38375,334.57972,606.17122,,446.50893,,,,,,,,,,107.90245
805637054,PAYG_MB_RATIO,0,0,0,0,0,0,0,0,0,0,0,0,0,0,0,0,0,0,0,0,,,,,,,,,,-1
805637054,REMAINING_DATA_BAL_MB,9707,8192,8192,8186,8181,8172,8154,8150,8150,8132,8112,8108,8108,8105,8102,8067,8067,8063,8051,8048,,,,,,,,,,0
805637054,TOTAL_REVENUE_WT,0,0,0,0,0,0,0,,0,0,0,0,0,0,0,0,0,0,,0,,,,,,,,,,0
805637054,TOTAL_VOICE_USAGE,0,0,0,0,0,0,0,,0,0,0,0,0,0,0,0,0,0,,0,,,,,,,,,,0
805637054,WALLET_BALANCE,48.9384,48.9384,48.9384,48.9384,48.9384,48.9384,48.9384,48.9384,48.9384,48.9384,48.9384,48.9384,48.9384,48.9384,48.9384,48.9384,48.9384,48.9384,48.9384,48.9384,,,,,,,,,,32.5555
1374445705,MBB_TOTAL_USAGE,,,,,,,,,,,,,,,,,,,,,,,,5.17231,14.2294,59.23307,1.33792,8.74272,18.92831,0.0743
1374445705,PAYG_MB_RATIO,,,,,,,,,,,,,,,,,,,,,,,,0,0,0,0,0,0,0
1374445705,REMAINING_DATA_BAL_MB,,,,,,,,,,,,,,,,,,,,,,,,359,353,348,346,344,327,326
1374445705,TOTAL_REVENUE_WT,,,,,,,,,,,,,,,,,,,,,,,,0,0,0,0,0,0,0.0036
1374445705,TOTAL_VOICE_USAGE,,,,,,,,,,,,,,,,,,,,,,,,16.03333,0,11.11667,17.8,16.86667,6.26667,0
1374445705,WALLET_BALANCE,,,,,,,,,,,,,,,,,,,,,,,,0.006,0.006,0.006,0.006,0.006,0.006,0.006
309546913,MBB_TOTAL_USAGE,,,,,,,,,86.69195,151.76502,320.308,19.38185,216.88457,145.81323,321.24924,480.88946,272.19249,787.93009,461.86096,307.98915,91.8322,1.73262,1.24422,1.08547,0.00511,263.60621,311.34149,220.47798,237.79947,206.7398
309546913,PAYG_MB_RATIO,,,,,,,,,0,0,0,0,0,0,0,0,0,0,0,0,0,0,0,0,0,0,-1,-1,-1,-1
309546913,REMAINING_DATA_BAL_MB,,,,,,,,,1468,1465,1402,1396,1396,1394,1392,0,0,0,0,0,0,0,0,0,0,0,0,0,0,0
309546913,TOTAL_REVENUE_WT,,,,,,,,,0,0,0,0,0,0,0,0,0,0,0,0,0,0,0,0,0,348.0036,0,0,0,0
309546913,TOTAL_VOICE_USAGE,,,,,,,,,13.18333,5.96667,20.75,3.61667,2.98333,7.06667,1.21667,0,0.95,0.28333,1.15,16.11667,9.71667,41.5,13.76667,8.56667,4.68333,3.01667,25.11667,9.58333,20.25,3
309546913,WALLET_BALANCE,,,,,,,,,0.0007,0.0012,0.0012,0.0012,0.0012,0.0012,0.0012,0.0012,0.0012,0.0012,0.0012,0.0012,0.0012,0.0012,0.0012,0.0012,0.0012,0.0012,0.0012,0.0009,0.0009,0.0009
196964187,MBB_TOTAL_USAGE,283.17173,628.47085,783.71451,368.01508,58.11835,386.16261,485.09278,435.9429,360.85501,283.40329,446.94721,239.03482,502.32845,937.55446,736.28269,1161.6433,498.71076,792.08561,403.20507,615.72745,560.24297,721.19538,864.36296,762.25241,612.40656,472.75656,615.22435,283.86335,688.25036,625.83774
196964187,PAYG_MB_RATIO,0,0,0,0,0,0,0,0,0,0,0,0,0,0,0,0,0,0,0,0,0,-1,-1,-1,-1,-1,-1,-1,-1,-1
196964187,REMAINING_DATA_BAL_MB,433,430,430,422,418,409,366,360,360,333,320,309,309,290,287,283,283,269,261,257,254,247,247,510,497,486,478,474,468,453
196964187,TOTAL_REVENUE_WT,0,0,0,0,0,0,0,0,0,0,0,0,0,0,0,0,0,0,0,0,999.0036,0,0,0,0,0,0,0,0,0
196964187,TOTAL_VOICE_USAGE,9.08333,0.98333,28.93333,5.35,13.71667,54.51667,30.16667,9.28333,30.78333,5.83333,19.06667,1.13333,0,22.33333,0,0,0,1.43333,3.11667,15.46667,7.36667,11.93333,13.46667,16.78333,1.56667,19.63333,41.51667,47.81667,5.55,61.31667
196964187,WALLET_BALANCE,0.0061,0.0061,0.0061,0.0061,0.0061,0.0061,0.0061,0.0061,0.0061,0.0061,0.0061,0.0061,0.0061,0.0061,0.0061,0.0061,0.0061,0.0061,0.0061,0.0061,0.0061,0.0061,0.0074,0.0074,0.0074,0.0074,0.0074,0.0074,0.0074,0.0074
117154078,MBB_TOTAL_USAGE,356.34377,680.4809,382.5035,275.16139,508.33584,2158.37634,527.08101,301.2663,863.93345,583.81091,729.47954,502.73006,943.00623,1219.72553,388.43603,582.99545,,450.63541,283.96591,327.94927,253.10673,347.47751,654.97422,590.46798,884.44119,339.31002,479.9974,974.96509,295.39699,926.94423
117154078,PAYG_MB_RATIO,0,0,0,0,0,0,0,0,0,0,0,0,0,0,0,0,,-1,-1,-1,-1,-1,-1,-1,-1,-1,-1,-1,-1,-1
117154078,REMAINING_DATA_BAL_MB,3725,3716,3716,3709,3662,3658,3484,2052,2052,1943,1612,1603,1603,1463,1438,269,,215,0,4079,4032,3990,3990,8048,8030,8020,8006,7748,7699,7656
117154078,TOTAL_REVENUE_WT,0,0,0,0,0,0,0,198,0,0,0,0,0,0,0,0.0036,,0,0,0,797,0,0,0,0,0,0,0,0,0
117154078,TOTAL_VOICE_USAGE,7.13333,9.16667,27.48333,14.01667,1.4,7.95,4.8,12.01667,2.3,3.01667,11.31667,9.56667,9.06667,0.88333,1.95,9.61667,,4.83333,3.03333,3.41667,28.56667,10.8,7.46667,5.95,16,4,17.5,20.75,6.86667,9.71667
117154078,WALLET_BALANCE,0.0046,0.0046,0.0046,0.0046,0.0046,0.0046,0.0046,0.0046,0.0046,0.0051,0.0051,0.0051,0.0051,0.0051,0.0051,0.0051,,0.0015,0.0033,0.0033,0.0033,0.0033,0.0051,0.0051,0.0051,0.0051,0.0051,0.0051,0.0051,0.0051
1366246856,MBB_TOTAL_USAGE,1602.46549,1720.88098,1289.76647,1204.16729,2089.88042,2091.25642,1239.03283,809.24858,1857.9875,2172.92318,1997.19321,1540.39836,1698.12329,2539.58738,2342.88811,2403.31943,2083.53107,1317.2531,875.42816,1629.06078,827.0197,633.89547,129.07318,,,,,,,
1366246856,PAYG_MB_RATIO,18.34700304,18.54198558,18.63278345,18.44124983,19.85419572,18.30616033,19.28407385,0.850367839,-1,-1,-1,-1,-1,0.061668177,-0.017732403,0,0,0,0.126330133,0.130418925,0.137419356,0.046019307,0.040157731,0.038675978,-0.028798919,-0.138302755,-0.269692882,-0.361655667,-0.713292393,-0.755882927
1366246856,REMAINING_DATA_BAL_MB,1,0,0,0,0,0,0,0,0,0,1211,727,727,357,0,757,757,685,599,160,0,0,0,0,0,0,0,0,0,0
1366246856,TOTAL_REVENUE_WT,0,0,0,198,0,0,0,0,159,0,0,0,553,0,0,0,0,0.0072,0,198,0,0,0,,,,,,,
1366246856,TOTAL_VOICE_USAGE,104.61667,25.31667,11.56667,19.5,0.16667,0.81667,110.4,21.71667,41.13333,3.18333,0.53333,0,0,0,0,0,0,0,0,5.25,74.76667,87.35,22.1,,,,,,,
1366246856,WALLET_BALANCE,0.0054,0.0018,0.0018,0.0018,0.0018,0.0023,0.0023,0.0023,0.0023,0.0023,0.0023,0.0023,0.0023,0.0023,0.0078,0.0078,0.0078,0.0078,0.0078,0.0006,0.0006,0.0011,0.0011,0.0011,0.0011,0.0011,0.0011,0.0011,0.0011,0.0011
1232127721,MBB_TOTAL_USAGE,0.01142,0.00896,0.00534,2204.65524,108.00729,0.00294,0.02663,0.00427,0.01364,1209.90902,77.84906,244.06351,0.01713,0,0.001,0.00048,0.00273,0.00189,0.00201,0.82803,0.00006,0,0.00005,0,0,60.03597,5.09797,61.96034,60.71183,4.8605
1232127721,PAYG_MB_RATIO,7.881392957,6.809873088,-1,-1,-1,-1,-1,-1,-1,-1,-1,-1,-1,-1,0,0,0,0,0,0,0,-0.784759263,-0.755977794,-0.842088514,-0.827376232,-0.971391373,-0.973318826,-0.993857393,-0.986088115,-1
1232127721,REMAINING_DATA_BAL_MB,886,803,803,803,803,803,31,31,31,31,31,365,365,291,0,0,0,0,0,0,0,0,0,0,0,0,0,0,0,0
1232127721,TOTAL_REVENUE_WT,0,0,0,159,0,0,0,198,0,159,0,0,0,0,0,0,0,0,0,231.9005,4.2642,0,0.0036,0,0.6621,218.7509,0,19.0806,0,1.0244
1232127721,TOTAL_VOICE_USAGE,15.01667,5.21667,63.13333,13.96667,12.53333,40.73333,0,40.66667,119.35,10.61667,26.65,4.4,1.23333,5.2,0,0.58333,3.2,2.58333,0.28333,98.75,1.06667,12.83333,35.6,1.08333,107.11667,11.01667,1.11667,73.86667,39.11667,0
1232127721,WALLET_BALANCE,0.002,0.002,0.002,0.002,0.002,0.002,0.002,0.002,0.002,0.0025,0.0025,0.0025,0.0025,0.0025,0.0025,0.0025,0.0025,0.0025,0.0025,0.0025,0.0025,1.5256,1.522,1.522,1.5184,1.5184,0.8563,0.1059,0.1059,1.0253
1069643455,MBB_TOTAL_USAGE,,,,,,,,,,,,,,,,,,,,,,,,,,,,,439.75092,1232.29158
1069643455,PAYG_MB_RATIO,,,,,,,,,,,,,,,,,,,,,,,,,,,,,2.407912561,3.138459739
1069643455,REMAINING_DATA_BAL_MB,,,,,,,,,,,,,,,,,,,,,,,,,,,,,248,177
1069643455,TOTAL_REVENUE_WT,,,,,,,,,,,,,,,,,,,,,,,,,,,,,0,0
1069643455,TOTAL_VOICE_USAGE,,,,,,,,,,,,,,,,,,,,,,,,,,,,,0,0
1069643455,WALLET_BALANCE,,,,,,,,,,,,,,,,,,,,,,,,,,,,,47.5681,0.6624
1407800522,MBB_TOTAL_USAGE,,,,,,,,,,,,,,,,,,,,,,,,,,,,353.16669,332.92733,424.86141
1407800522,PAYG_MB_RATIO,,,,,,,,,,,,,,,,,,,,,,,,,,,,-1,-1,-1
1407800522,REMAINING_DATA_BAL_MB,,,,,,,,,,,,,,,,,,,,,,,,,,,,461,456,4089
1407800522,TOTAL_REVENUE_WT,,,,,,,,,,,,,,,,,,,,,,,,,,,,0,0,0
1407800522,TOTAL_VOICE_USAGE,,,,,,,,,,,,,,,,,,,,,,,,,,,,2.73333,0.46667,0.4
1407800522,WALLET_BALANCE,,,,,,,,,,,,,,,,,,,,,,,,,,,,148.0635,132.2731,132.2731
259611807,MBB_TOTAL_USAGE,1969.43292,2929.9,2012.02136,2110.34764,1849.59226,1216.72204,3003.08167,2453.04085,2019.43237,1198.16327,1473.66636,2452.69288,2792.71405,1643.12156,1893.80706,2076.4787,2125.44953,1147.83335,2157.72727,942.95776,1543.94761,2005.63246,1336.03226,3122.01897,1659.97109,1835.91535,2938.07691,1536.96383,2618.47898,1773.05715
259611807,PAYG_MB_RATIO,0,0,0,0,0,0,0,0,0,0,-1,-1,-1,-1,-1,-1,-1,-1,-1,-1,-1,-1,-1,-1,-1,-0.834241802,-0.87990783,-0.883788075,-0.89295968,-0.88761201
259611807,REMAINING_DATA_BAL_MB,8750,9470,9470,8748,6891,6385,4543,4047,4047,2833,1877,1068,1068,970,4096,3990,3990,2787,1569,564,417,990,990,272,1388,1134,1531,497,1306,269
259611807,TOTAL_REVENUE_WT,0,0,0,0,0,0,0,0,0,384.5777,159,797.4442,0,0,0,0,0,0,838.5354,0,0,159,0,159,0,159.4767,0,159,159,0
259611807,TOTAL_VOICE_USAGE,6,17.85,24.11667,12.46667,15.35,9.75,17.06667,26.63333,29.8,6.18333,11.66667,27.78333,33.8,27.4,19.35,41.16667,13.31667,55.11667,32.7,16.2,19.91667,26.5,15.18333,40.91667,41.83333,63.58333,20.48333,80.73333,17.9,38.71667
259611807,WALLET_BALANCE,0.0174,0.0174,0.0174,0.0174,0.0174,0.0174,0.0174,0.0174,0.0174,0.0174,0.0174,0.4437,0.4472,0.0048,0.0048,0.0048,0.0048,0.0048,0.0048,0.0048,0.474,0.474,0.474,0.474,0.474,0.4775,0.4775,0.0043,0.0043,0.0043
3607343532,MBB_TOTAL_USAGE,,,,,,,,,,,,,,,,,,,,,,,19.20591,1006.73197,546.27222,190.64626,225.28658,203.90464,1353.00131,1167.16865
3607343532,PAYG_MB_RATIO,,,,,,,,,,,,,,,,,,,,,,,93.17340677,96.5191203,196.8951329,0,0,0,0,0
3607343532,REMAINING_DATA_BAL_MB,,,,,,,,,,,,,,,,,,,,,,,5506,5484,5303,5290,5277,4096,4096,4096
3607343532,TOTAL_REVENUE_WT,,,,,,,,,,,,,,,,,,,,,,,0,0,0,0,0,0,13.2895,0
3607343532,TOTAL_VOICE_USAGE,,,,,,,,,,,,,,,,,,,,,,,3.86667,2.63333,2.9,2.25,0,3.66667,13,0
3607343532,WALLET_BALANCE,,,,,,,,,,,,,,,,,,,,,,,27.0549,62.2349,47.4149,32.5949,17.7749,2.9549,-11.8651,-26.6851
531804552,MBB_TOTAL_USAGE,699.06613,546.49311,560.01252,457.23652,1657.63608,426.26116,632.41811,880.3678,855.95894,467.76526,503.36713,872.02175,824.12908,1361.48982,960.33562,1093.23043,770.2681,1038.9401,987.90438,1022.75759,1395.72978,497.57909,887.80937,952.66754,906.66595,1303.9547,830.84961,1135.34881,1064.6806,509.76698
531804552,PAYG_MB_RATIO,0,0,0,0,0,0,0,0,0,0,0,0,0,0,0,0,0,0,0,0,0,0,0,0,0,0,0,0,0,0
531804552,REMAINING_DATA_BAL_MB,4878,4758,4758,4636,4537,4413,4209,4087,4087,3962,3667,3533,3533,3408,3233,2846,2846,2590,2296,1896,1605,1148,1148,787,678,615,268,61,5120,5105
531804552,TOTAL_REVENUE_WT,0,0,0,0,0,0,0,0,0,0,0,0,0,0,0,0,0,0,0,0,0,0,0,0,0,1249,0,0,0,0
531804552,TOTAL_VOICE_USAGE,7.23333,10.86667,6.73333,10.48333,13.63333,19.43333,20.31667,20.61667,0,24.65,0,0,0,0,0,0,0,0,0,0.11667,1.68333,43.78333,12.63333,14.36667,11.15,11.93333,10.96667,0,24.88333,15.53333
531804552,WALLET_BALANCE,77.1866,50.6642,10.8806,5.3551,3.1449,2.0398,0.9347,0.9347,0.9347,0.9347,0.9347,0.9347,0.9347,0.9347,0.9347,0.9347,0.9347,0.9347,0.9347,0.9347,0.9347,0.9347,0.9347,0.9347,0.9347,0.9347,1387.6735,112.1528,112.1528,85.6304
559011497,MBB_TOTAL_USAGE,41.81414,30.96664,41.55685,243.73102,62.48593,96.71862,250.54083,403.33779,377.59473,338.82207,29.25577,184.12373,84.1843,196.30833,346.93187,324.40329,167.36118,293.26844,108.19725,26.48479,531.50797,76.9608,141.44257,212.26171,83.32163,102.11343,10.69599,95.4487,188.01722,45.94293
559011497,PAYG_MB_RATIO,0,0,0,0,0,0,0,0,0,0,0,0,0,-1,-1,-1,-1,-1,-1,-1,-1,-1,-1,-1,-1,-1,-1,-1,0,0
559011497,REMAINING_DATA_BAL_MB,5042,5037,5037,5036,5034,5017,1759,1669,1669,1426,663,342,342,242,22,1782,1782,1442,1121,962,674,549,549,19,3076,3076,3076,3076,3076,3076
559011497,TOTAL_REVENUE_WT,0,0,0,0,0,0,0,0,0,0,0,0,593.0036,0,0,0,0,0,0,0,0,547,0,0,0,0,0,0,0,0
559011497,TOTAL_VOICE_USAGE,10.55,10.06667,7.81667,4.55,9.05,2.61667,26.76667,8.31667,5.01667,20.7,7.26667,26.15,3.46667,18.13333,6.26667,8.33333,1.93333,6.06667,13.8,8.63333,15.41667,18.18333,17.93333,20.6,47.96667,58.01667,6.33333,14.53333,22.38333,16.06667
559011497,WALLET_BALANCE,0.005,0.005,0.005,0.005,0.005,0.005,0.005,0.005,0.005,0.005,0.005,0.005,0.005,0.005,0.0017,0.0017,0.0017,0.0017,0.0017,0.0017,0.0017,0.0017,0.0017,0.0061,0.0061,0.0061,0.0061,0.0061,0.0061,0.0061
145538241,MBB_TOTAL_USAGE,3959.13895,2696.66331,1598.01487,1936.72876,1790.20784,1375.60738,2089.04808,905.79802,5830.48639,1324.43876,1053.57147,2036.78505,1663.10122,3752.45679,1734.20886,837.78324,,2278.86889,14622.42745,2455.4884,2832.20051,1968.21176,639.36365,1105.26925,972.26393,4648.95948,1429.21582,1207.64386,1524.25005,383.51933
145538241,PAYG_MB_RATIO,7.775889671,0,0.086615703,-0.00744592,0.028954366,0.032866278,0.04304873,0.038828229,0.013520026,0.174807337,-0.293956042,-0.245835311,-0.90354297,-0.900496102,-0.896539556,-0.904379334,,-0.19625373,-0.128684486,-0.228816632,-0.243379031,-0.230247329,-0.27914195,-0.272833326,-0.428547423,0.320336229,0.399217912,0.327613182,0.275745018,0.120199964
145538241,REMAINING_DATA_BAL_MB,5852,4973,4973,1820,10234,9426,6799,5957,5957,4420,108,4831,4831,4505,3168,280,,4448,4088,15089,13667,0,0,0,0,0,0,0,0,5120
145538241,TOTAL_REVENUE_WT,0,50.9194,715.9097,0,0,0,0,0,0,439.4023,0,0,0,0,101,43.7284,,0,46.305,593.5307,0,0,0,0,0,0,405,0,0,0
145538241,TOTAL_VOICE_USAGE,9.33333,14.98333,14.95,32.7,17.95,6.66667,8.46667,39.6,25.1,3.7,8.85,10.1,19.46667,42.48333,27.66667,2.53333,,13.03333,11.8,7.45,26.08333,27.18333,16.05,9.05,8.51667,21.98333,16.75,21.63333,15.78333,16.45
145538241,WALLET_BALANCE,50.963,50.963,50.963,34.1339,34.1339,34.1339,34.1339,34.1339,34.1339,34.1339,34.1339,44.7316,44.7316,44.7316,44.7316,44.7316,,0.0032,46.305,46.305,0,6.4693,6.4693,6.4693,6.4693,6.4693,6.4693,6.4693,1.4693,1.4693
3323748813,MBB_TOTAL_USAGE,,,,,,,,1114.22004,401.57017,192.68627,121.62703,30.63094,380.34618,603.67809,5.20598,190.23305,6.53817,390.219,555.86363,200.83918,117.97926,686.35596,974.7313,66.7887,621.71595,181.97039,228.61657,230.66665,258.60737,244.93026
3323748813,PAYG_MB_RATIO,,,,,,,,-0.991975158,-0.990801198,-0.991534192,-0.992829792,-0.994206352,-0.995559055,-0.996294033,-0.996894995,-0.997930319,-0.998047639,-0.997856538,-0.997505925,-0.996988924,-0.996617266,-0.996732128,0,0,0,0,0,0,0,0
3323748813,REMAINING_DATA_BAL_MB,,,,,,,,6939,6939,6433,7994,7803,7803,7683,7653,6672,6672,6668,6480,6472,6083,4492,4492,4376,17842,16897,15419,14801,14620,14393
3323748813,TOTAL_REVENUE_WT,,,,,,,,285.426,0,0,0,0,0,0,0,0,0,0,0,0,0,326.4454,21.7295,0,0,0,0,0,0,159
3323748813,TOTAL_VOICE_USAGE,,,,,,,,0.03333,0,0,0,0,0,0,0,0,0,0,0,0,0,0,0,0,0,0,0,0,0,0
3323748813,WALLET_BALANCE,,,,,,,,4.4816,1.4435,1.0212,1.0212,1.0212,1.0212,1.0212,1.0212,1.0212,1.0212,1.0212,1.0212,1.0212,1.0212,1.0212,1.0212,41.7688,19.4925,8.8619,8.8619,8.8619,8.8619,8.8619
3449556313,MBB_TOTAL_USAGE,,,,,,1202.00525,304.0942,668.03129,481.04002,1229.73569,903.2162,2704.85138,1933.40544,150.13205,,,,,,,,,,,,,,,,
3449556313,PAYG_MB_RATIO,,,,,,-1,-1,-1,-1,-1,0,0,0,-0.581141428,-0.586962671,-0.620611607,-0.645290464,-0.642936873,-0.591625491,-0.574992363,-0.575497532,-0.626363098,-0.629103906,-0.649893362,-0.659459035,-1,-1,-1,0,0
3449556313,REMAINING_DATA_BAL_MB,,,,,,0,3064,2211,2211,1941,1890,1835,1835,1347,658,0,0,0,0,0,0,0,0,0,0,0,0,0,0,0
3449556313,TOTAL_REVENUE_WT,,,,,,0,0,0,0,0,0,0,0.0072,0,,,,,,,,,,,,,,,,
3449556313,TOTAL_VOICE_USAGE,,,,,,0,0,0,0.08333,0,0.81667,0,0,0,,,,,,,,,,,,,,,,
3449556313,WALLET_BALANCE,,,,,,0.0032,0.0081,0.0081,0.0081,0.0081,0.0081,0.0081,0.0081,0.0081,0.0009,0.0009,0.0009,0.0009,0.0009,0.0009,0.0009,0.0009,0.0009,0.0009,0.0009,0.0009,0.0009,0.0009,0.0009,0.0009
644683836,MBB_TOTAL_USAGE,246.42367,475.66949,15.49483,687.75549,2292.91309,1535.66001,536.21337,231.34141,434.84976,224.23759,431.32904,571.52006,2907.66351,2482.36494,1568.35499,1872.24345,1980.81754,1039.29105,319.4721,731.26462,1973.62012,2600.29256,872.11504,1537.13392,174.9376,491.18706,1604.49221,1027.12646,938.77186,1020.48136
644683836,PAYG_MB_RATIO,0,0,0,22861.89969,22905.68772,26772.35844,22273.06787,78.52464676,-1,-1,-1,-1,-1,-1,-1,-1,-1,-1,1.096313381,0.977526911,0.510372665,0.421120826,0.625738795,0.719533389,-0.99982649,-0.999925754,-0.999927068,-0.99985051,-0.999883601,-0.999903016
644683836,REMAINING_DATA_BAL_MB,26209,631,631,394,0,0,373,177,177,1,0,0,0,0,0,781,781,741,181,0,0,0,0,0,0,1419,0,0,1065,1008
644683836,TOTAL_REVENUE_WT,57.083,18.0187,198.0036,348,159,0,0,0,0,0,0,198.0036,159,159,0,0,0,0,0,0,0,0,159,38.7527,60.0577,160.1891,159,0,427,0
644683836,TOTAL_VOICE_USAGE,20.38333,6.35,0,3.33333,3.26667,4.96667,7.48333,8.96667,15.13333,13.81667,22.31667,8.46667,3.38333,5.11667,4.53333,7.31667,6.4,5.23333,7.41667,12.8,4.26667,18.81667,9.7,9.48333,7.63333,21.55,17.2,6.48333,4.76667,3.01667
644683836,WALLET_BALANCE,80.0421,57.105,0.022,0.0033,0.0002,0.0035,0.0035,0.0035,0.0035,0.0035,0.0035,0.0035,0.0035,0.0004,0.0004,0.0004,0.0004,0.0004,0.0004,0.0004,0.0004,0.0004,0.0004,0.0004,100.0004,61.2405,1.2115,0.0009,0.0009,0.0009
1315946586,MBB_TOTAL_USAGE,0.00005,12.37681,421.87916,95.24603,185.26012,11.40163,10.65004,400.86623,23.74262,344.31842,426.99784,410.74852,12.94406,72.92105,,,,,516.50078,344.98618,166.11533,139.04059,507.47836,220.72067,5.53656,177.16288,181.27164,0,243.44772,0
1315946586,PAYG_MB_RATIO,0,0,0,0,0,0,0,0,0,0,0,0,0,0,,,,,-1,-1,-1,-1,-1,-1,-1,-1,-1,-1,-1,-1
1315946586,REMAINING_DATA_BAL_MB,469,469,469,469,469,467,466,466,466,465,461,460,460,458,,,,,0,0,510,508,508,507,505,503,501,501,501,501
1315946586,TOTAL_REVENUE_WT,0,0,0,0,0,0,0,0,0,0,0,0,0,0,,,,,0,0,0,0,0,0,0,0,0,0,0,0
1315946586,TOTAL_VOICE_USAGE,0.66667,0,0,0,0,0,5.33333,0.31667,0.96667,0.28333,1.08333,0,0,1.46667,,,,,0,0,0,0,2.36667,0,0,0,0,0,0.61667,0.65
1315946586,WALLET_BALANCE,0.0129,0.0129,0.0129,0.0129,0.0129,0.0129,0.0129,0.0129,0.0129,0.0129,0.0129,0.0129,0.0129,0.0129,,,,,0.0021,0.007,0.007,0.007,0.007,0.007,0.007,0.007,0.007,0.007,0.007,0.007
3481379575,MBB_TOTAL_USAGE,718.16272,74.05323,48.25169,130.58357,409.35273,653.08837,85.85081,290.26299,961.95432,734.24356,917.76657,2818.18478,2657.58539,2307.20786,3718.08323,296.63987,756.49253,354.30284,305.305,869.50237,1026.96421,668.91812,1366.14638,434.10219,,,,,,
3481379575,PAYG_MB_RATIO,0,0,-1,-1,-1,-1,-1,-1,-1,-1,-1,-1,-1,-1,-1,-1,-1,3.257527435,3.52298759,3.761707353,4.235616402,4.191767801,4.750836935,6.287067673,5.433368836,5.044712637,4.017184415,2.169711889,1.042169636,0.456119924
3481379575,REMAINING_DATA_BAL_MB,512,61,61,5,0,0,0,0,0,0,15346,15005,15005,16027,15556,12857,12857,11687,11673,26851,26801,25977,25977,25263,24971,24294,23938,23938,23938,23938
3481379575,TOTAL_REVENUE_WT,0,0.0072,0,0,0,0,0,0,1304,0,159,159,0,0,159,0.0036,1599,0,0,0,0,0,0,0,,,,,,
3481379575,TOTAL_VOICE_USAGE,0,6.91667,0,0,0.83333,1.05,2,0,10.45,0.3,12.2,9.71667,18.15,18.41667,16.3,29.85,6.91667,0,1.81667,0,0.61667,7.63333,1.1,1.93333,,,,,,
3481379575,WALLET_BALANCE,0.0072,0.0072,0.0072,0,0,0,0,0,0,0,0.0062,0.0062,0.0062,0.0062,0.0062,0.0062,0.0062,0.0026,0.0034,0.0034,0.0034,0.0034,0.0034,0.0034,0.0034,0.0034,0.0034,0.0034,0.0034,0.0034
3499315659,MBB_TOTAL_USAGE,251.09506,610.95448,792.78482,618.26994,801.4692,519.97441,1267.4884,640.28938,1248.98786,700.51843,861.17936,2178.81218,1981.70309,1991.90613,959.26608,1228.28828,703.90044,1532.03783,1310.14719,1229.22428,646.19887,425.44126,799.43675,945.17252,1074.72681,1445.25275,1116.12298,911.52869,1930.83093,1599.21211
3499315659,PAYG_MB_RATIO,-1,-1,-1,-1,-1,-1,-1,0,0,0,0,0,0,0,0,0,0,0,0,0,0,0,0,0,0,0,0,0,0,0
3499315659,REMAINING_DATA_BAL_MB,13812,13187,13187,13173,13075,12888,12747,12703,12703,11992,11600,11579,11579,11199,10492,9307,9307,9179,8938,8754,7937,7075,7075,6944,15358,15358,15358,15358,15358,15358
3499315659,TOTAL_REVENUE_WT,0,0,0,0,0,0,0,0,0,0,0,0,0,0,0,0,0,0,0,0,0,1599,0,0,0,0,0,0,0,0
3499315659,TOTAL_VOICE_USAGE,14.28333,9.56667,60.88333,19.41667,10.16667,19.95,7.65,4.75,33.71667,12.96667,12.31667,8.03333,97.66667,15.13333,8.96667,8.46667,5.45,7.11667,9.95,4.5,9.03333,4.01667,26.31667,21.8,12.71667,7.56667,11.85,11.11667,9.8,0.98333
3499315659,WALLET_BALANCE,0.0008,0.0008,0.0008,0.0008,0.0008,0.0008,0.0008,0.0008,0.0008,0.0008,0.0008,0.0008,0.0008,0.0008,0.0008,0.0008,0.0008,0.0008,0.0008,0.0008,0.0008,0.0008,0.0008,0.0016,0.0016,0.0016,0.0016,0.0016,0.0016,0.0016
116784075,MBB_TOTAL_USAGE,,,1354.41855,1035.2851,2.3862,111.22604,1619.35482,26.06329,1348.0589,4.50484,90.04073,786.03195,570.25259,870.61675,515.45907,,,,,,,,,,,,,0,,
116784075,PAYG_MB_RATIO,,,3.790031361,7.096030787,4.483271223,4.477404482,4.545551563,6.717682266,7.635634702,9.966746368,8.665451277,-1,-1,0,0,0,0,0,0,0,0,0,0,0,0,0,0,0,,
116784075,REMAINING_DATA_BAL_MB,,,513,510,329,125,125,125,125,125,125,125,125,125,125,125,125,125,125,125,125,125,125,125,125,125,125,125,,
116784075,TOTAL_REVENUE_WT,,,217.8828,0,0,0,0,0,0,0,0,0,0,0,0,,,,,,,,,,,,,42.126,,
116784075,TOTAL_VOICE_USAGE,,,9.31667,20.18333,28.01667,36.26667,27.41667,42.61667,15.76667,9.95,50.03333,57.48333,22.53333,42.88333,27.91667,,,,,,,,,,,,,0,,
116784075,WALLET_BALANCE,,,24.6704,20.4098,0.5275,0.5275,0.5275,0.5275,0.5275,0.5275,0.5275,0.5275,0.5275,0.5275,0.5275,0.5275,0.5275,0.5275,0.5275,1000.5275,1000.5275,1000.5275,1000.5275,1000.5275,1000.5275,1000.5275,1000.5275,1000.5275,,
3523681413,MBB_TOTAL_USAGE,901.07982,1858.83006,1083.87536,1486.26842,1184.9552,994.40294,434.50677,103.97494,725.97582,1096.42033,629.37602,1257.08168,482.06222,479.98911,496.73337,999.79903,535.35808,613.48757,632.13102,617.46945,989.27862,1303.99566,1481.4816,1702.79824,885.12913,1530.59446,1374.07671,983.90551,1100.69907,1227.7534
3523681413,PAYG_MB_RATIO,0.446558606,0.418178658,0.385401367,0.313193451,0.330405041,0.232991395,296.8830166,0,0,0,0,0,0,25019.98048,24483.13948,23471.04607,23294.55628,19737.5523,18824.23483,16769.72995,15885.8609,132.7230369,-1,-1,-1,-1,-1,-1,0,0
3523681413,REMAINING_DATA_BAL_MB,5685,4173,4173,4107,3566,3450,3073,2921,2921,2814,1914,1080,1080,597,1,0,0,0,0,0,0,0,0,4042,3419,3380,3146,3062,2711,2494
3523681413,TOTAL_REVENUE_WT,0,0,0,0,0,0,0,0,0,198,0,0,0.0036,0,0,0,0,0,0,0,797,0,0,0,0,0,0,0,0,0
3523681413,TOTAL_VOICE_USAGE,5.51667,6.25,3.21667,0,0.9,0.46667,12.61667,7.56667,2.43333,4.18333,5.73333,0.46667,5.2,7.78333,1.81667,6.53333,7.61667,2.85,2.85,1.13333,2.2,5.21667,0,0,9.71667,8.68333,5.56667,5.61667,10.98333,6.63333
3523681413,WALLET_BALANCE,0.0037,0.0037,0.0037,0.0037,0.0037,0.0037,0.0037,0.0037,0.0037,0.0037,0.0037,0.0042,0.0042,0.0042,0.0006,0.0006,0.0006,0.0006,0.0006,0.0006,0.0006,0.0006,0.0024,0.0024,0.0024,0.0024,0.0024,0.0024,0.0024,0.0024
1419867368,MBB_TOTAL_USAGE,0,0,0,0,0,0,0,0,0,0,0,0,0,0,,,,,,,,,,,,,,,,
1419867368,PAYG_MB_RATIO,0,0,0,0,0,0,0,0,0,0,0,0,0,0,,,,,,,,,,,,,,,,
1419867368,REMAINING_DATA_BAL_MB,4096,4096,4096,4096,4096,4096,4096,4096,4096,4096,4096,4096,4096,0,,,,,,,,,,,,,,,,
1419867368,TOTAL_REVENUE_WT,0,0,0,0,0,0,0,0,198,0,0,0,0,0,,,,,,,,,,,,,,,,
1419867368,TOTAL_VOICE_USAGE,34.06667,15.11667,10.98333,0.55,16.33333,57.83333,20.16667,1,13.4,9.63333,2.16667,5.51667,0.86667,2.5,,,,,,,,,,,,,,,,
1419867368,WALLET_BALANCE,0.0041,0.0041,0.0041,0.0041,0.0041,0.0041,0.0041,0.0041,0.0041,0.0041,0.0046,0.0046,0.0046,0.0046,,,,,,,,,,,,,,,,
694711123,MBB_TOTAL_USAGE,,,,,,,,152.84101,83.47014,136.09455,183.14198,539.09394,307.98282,225.11712,92.00793,109.87699,169.512,340.56896,102.61983,194.72641,134.2381,191.12973,88.47013,338.85316,95.14851,85.01901,,,117.10516,133.37415
694711123,PAYG_MB_RATIO,,,,,,,,0,0,0,0,0,0,0,0,0,0,0,0,0,0,0,0,0,0,0,,,-1,-1
694711123,REMAINING_DATA_BAL_MB,,,,,,,,4904,4904,4851,4750,4739,4739,4723,4693,4628,4628,4592,4562,4510,4490,4418,4418,4369,4327,4305,,,0,0
694711123,TOTAL_REVENUE_WT,,,,,,,,0,0,0,0,0,0,0,0,198,0,0,0,0,0,0,0,0,0,0,,,0,0
694711123,TOTAL_VOICE_USAGE,,,,,,,,10.88333,23.73333,49.1,5.65,16.6,3.81667,57.68333,32.31667,41.13333,17.5,0,55.36667,0.3,27.98333,8.48333,43.53333,30.73333,5.65,0,,,37.78333,41.7
694711123,WALLET_BALANCE,,,,,,,,0.029,0.0295,0.0295,0.0295,0.0295,0.0295,0.0295,0.0295,0.0295,0.0295,0.03,0.03,0.03,0.03,0.03,0.03,0.03,0.03,0.03,,,0.0018,0.0018
3540029552,MBB_TOTAL_USAGE,499.31906,815.59943,547.03431,106.65777,490.78559,469.17292,134.8519,28.05763,214.54778,573.26217,9.78285,1399.46108,1633.16849,259.84472,28.48958,9.21318,19.69091,5.1081,1.96743,679.46335,94.00656,12.39094,736.74824,1103.93472,133.24545,28.09081,1207.10017,18.74399,294.61631,208.22945
3540029552,PAYG_MB_RATIO,0,0,0,0,0,0,0,0,0,0,0,0,0,0,0,0,0,0,0,0,-1,-1,-1,-1,-1,-1,-1,-1,-1,-1
3540029552,REMAINING_DATA_BAL_MB,1164,1164,1164,832,524,47,988,558,558,473,363,111,111,111,924,2,2,2,2,2,2,0,0,0,0,858,109,562,561,2
3540029552,TOTAL_REVENUE_WT,0,0,0,0,159,0,0,0,0,0,0,159,0,0,0,0,0,0,0,99.5452,0.1506,0.0036,159.0036,0,999.2838,0,0,0,0,0
3540029552,TOTAL_VOICE_USAGE,7.08333,14.56667,7.1,37.16667,3.01667,21.63333,13.25,47.26667,11.63333,54.11667,15.13333,3.53333,0.85,1.05,16.41667,11.4,33.53333,0.65,0.98333,2.88333,42.01667,12.41667,59.56667,26.9,5.96667,0,7.03333,24.71667,19.48333,32.21667
3540029552,WALLET_BALANCE,0.007,0.007,0.007,0.007,0.007,0.007,0.007,0.007,0.007,0.007,0.007,0.007,0.007,0.007,0.007,0.007,0.007,100.007,100.007,100.007,100.007,0.4618,0.3112,0.3076,0.304,0.304,0.0251,0.0251,0.0251,0.0251
821936033,MBB_TOTAL_USAGE,338.28209,253.95707,842.2353,1310.00006,642.43939,712.41908,595.93738,405.21649,179.70776,516.73108,259.63552,709.92217,622.43805,444.75809,536.34228,285.31964,624.24971,913.28964,428.27476,567.76085,1221.15754,1521.30498,1567.41889,888.74004,1014.07077,1050.79142,1847.71536,1919.95101,1123.1115,850.16174
821936033,PAYG_MB_RATIO,0,0,0,0,0,0,0,0,0,0,0,0,0,0,0,0,0,0,0,0,0,0,0,0,0,0,0,0,0,0
821936033,REMAINING_DATA_BAL_MB,14873,14650,14650,14505,14436,14387,14065,13943,13943,13583,13442,13330,13330,13255,13056,11837,11837,3801,3791,3680,3602,3387,3387,3162,2395,1887,1792,1625,1466,806
821936033,TOTAL_REVENUE_WT,0,0,0,0,0,0,0,198,0,0,0,0,0,0,0,0,0,0,0,0,0,257.9675,0,0,0,0,0,797,0,0
821936033,TOTAL_VOICE_USAGE,14.41667,24.45,10.13333,4.03333,27.95,12.16667,22.38333,23.98333,28.83333,33.65,14.28333,6.91667,19.55,6.23333,9,8.3,5.9,11.98333,18.5,13.55,8.21667,21.13333,32.98333,21.4,6.1,6.03333,27.05,31.38333,26.05,12.85
821936033,WALLET_BALANCE,0.0076,0.0076,0.0076,0.0076,0.0076,0.0076,0.0076,0.0076,0.0076,0.0081,0.0081,0.0081,0.0081,0.0081,0.0081,0.0081,0.0081,0.0081,0.0081,0.0081,0.0081,0.0081,0.0081,0.0411,0.0411,0.0411,0.0411,0.0411,0.0411,0.0429
1370040052,MBB_TOTAL_USAGE,1762.67607,1644.89403,1469.53397,1540.02326,2065.63889,1705.25947,1222.26483,1673.72665,1676.78053,1129.51892,217.72265,721.22382,962.04971,2286.4099,1451.45837,285.3026,1430.76771,612.13572,1532.12755,761.31871,681.12452,1804.22703,1254.59965,1159.09224,3358.84759,1719.55108,758.86557,967.6258,993.77393,538.70624
1370040052,PAYG_MB_RATIO,0,0,0,0,0,0,0,0,0,0,0,0,0,0,0,0,0,0,0,0,0,0,0,0,0,0,0,0,0,0
1370040052,REMAINING_DATA_BAL_MB,6419,6212,6212,5099,4622,4346,3449,2782,2782,2025,97,15156,15156,15127,15018,13496,13496,12820,12726,12000,11824,10556,10556,10304,9529,8957,8524,7076,6356,5855
1370040052,TOTAL_REVENUE_WT,0,0,0,0,0,0,0,0,0,1299,0,0,0,0,0,0,0,0,0,0,0,0,0,0,0,0,0,0,0,0
1370040052,TOTAL_VOICE_USAGE,26.7,17.01667,4.95,0,20.96667,22.46667,24.58333,41.71667,3.98333,8.68333,27.38333,20.93333,25.78333,4.91667,1.95,21.36667,31.35,17.66667,6.05,73.98333,60.46667,34.61667,7.98333,29.81667,19.08333,14.73333,23.05,24.21667,42.23333,28.95
1370040052,WALLET_BALANCE,0.0058,0.0058,0.0058,0.0058,0.0058,0.0058,0.0058,0.0058,0.0058,0.0058,0.0058,0.0105,0.0105,0.0105,0.0105,0.0105,0.0105,0.0105,0.0105,0.0105,0.0105,0.0105,0.0105,0.0105,0.0105,0.0105,0.0105,0.0105,0.0105,0.0105
1002591214,MBB_TOTAL_USAGE,1856.00375,345.37671,1323.47669,339.17645,316.60252,716.65927,790.74463,881.43468,442.44273,671.56096,396.39399,973.52848,1808.89604,1880.58228,968.25109,827.5145,2022.05872,604.34474,3188.71901,2093.32519,2951.67698,3537.25668,2181.30743,1338.33757,1548.97996,1086.02505,1374.01197,1005.24666,763.21152,883.60988
1002591214,PAYG_MB_RATIO,-1,-1,-1,-1,-1,0,0,0,0,0,0,0,0,0,0,0,0,0,0,0,0,-1,-1,-1,-1,-1,-1,-1,-1,-1
1002591214,REMAINING_DATA_BAL_MB,13622,13600,13600,12182,12108,11491,11315,11047,11047,10610,10515,10161,10161,9871,9310,7311,7311,7148,6780,5200,4995,1532,1532,15360,15360,15360,15360,15360,15360,15360
1002591214,TOTAL_REVENUE_WT,0,0,0,0,0,0,0,0,0,0,0,0,0,0,0,0,0,0,0,0,1599.0068,0,0,0,0,0,0,0,0,0
1002591214,TOTAL_VOICE_USAGE,15.5,12.5,29.01667,6.85,13.98333,6.9,71.8,23.66667,26.95,26.81667,32.46667,23.01667,4.4,23.81667,10.76667,22.68333,15.58333,14.33333,72.25,29.13333,11.01667,7.78333,11.28333,19.23333,12.83333,11.78333,56.13333,12.46667,11.21667,7.88333
1002591214,WALLET_BALANCE,0.0068,0.0068,0.0068,0.0068,0.0068,0.0068,0.0068,0.0068,0.0068,0.0068,0.0068,0.0068,0.0068,0.0068,0.0068,0.0068,0.0068,0.0068,0.0068,0.0068,0.0068,0.0068,0.0008,0.0008,0.0008,0.0008,0.0008,0.0008,0.0008,0.0008
3474829745,MBB_TOTAL_USAGE,665.0335,503.97975,214.3014,435.72208,651.02589,797.64336,784.99144,907.97243,581.3695,816.24102,561.07814,,1195.78345,2190.04702,1447.2962,2255.45952,2550.56199,1863.32053,1383.58366,1218.10089,1184.91298,1128.41728,755.66022,1003.44695,966.93608,1441.06803,1509.35123,853.36618,1125.20722,1031.0608
3474829745,PAYG_MB_RATIO,0,0,0,0,0,0,0,0,0,0,0,,-1,-1,-1,-1,-1,-1,-1,-1,-1,-1,-1,-1,-1,-1,-0.677105089,0,0,0
3474829745,REMAINING_DATA_BAL_MB,4041,3892,3892,3860,3823,3796,3708,3635,3635,3397,2955,,2932,0,5119,5119,5119,5119,5119,5119,5119,5119,5119,5119,5119,5119,5119,5119,4861,4825
3474829745,TOTAL_REVENUE_WT,0,0,0,0,0,0,0,0,0,0,6.5505,,0,0,0,0,0,0,0,0,0,0,0,0,0,0,0,0,0,0
3474829745,TOTAL_VOICE_USAGE,16.08333,0,0,0.33333,0.15,27.43333,1.51667,1.75,19.48333,25.13333,11.78333,,0,14.73333,0,25.6,17.21667,0.56667,2.8,3.25,20.91667,5.6,1.18333,5.1,1.15,4.05,23,16.85,13.18333,0.35
3474829745,WALLET_BALANCE,0.0026,0.0026,0.0026,0.0026,0.0026,0.0026,0.0026,0.0026,0.0026,0.0026,0.0026,,46.4449,2.3709,2.3709,2.3709,2.3709,2.3709,2.3709,2.3709,2.3709,2.3709,2.3709,2.3709,2.3709,2.3709,2.3709,2.3709,2.3709,2.3709
1585416118,MBB_TOTAL_USAGE,2236.35848,2277.63693,2151.38826,1587.15591,2208.56083,2117.28891,2399.53642,2621.27657,1987.46075,2082.95741,1218.46719,2760.49408,2654.02054,2561.5123,1835.15912,,,,,,,,3691.801,1983.61202,1168.0908,2044.45339,1708.74657,1237.86759,1774.10581,743.03872
1585416118,PAYG_MB_RATIO,0,0,0,0,0,0,0,0,0,0,0,0,0,0,-1,,,,,,,,-1,-1,-1,-1,-1,-1,-1,48.26094126
1585416118,REMAINING_DATA_BAL_MB,13810,13401,13401,11774,10882,10375,9145,8709,8709,7292,4920,4325,4325,3702,1334,,,,,,,,0,0,3824,3147,3038,3003,2846,2753
1585416118,TOTAL_REVENUE_WT,0,0,0,0,0,0,0,0,0,0,0,0,0,50.0088,0,,,,,,,,0,0,0,0,0,0.5682,0,0
1585416118,TOTAL_VOICE_USAGE,1.85,6.96667,2.63333,1.08333,0.93333,3.78333,2.76667,6.8,3.85,2.71667,7.05,4.58333,0,2.4,0,,,,,,,,10.56667,1.61667,13.21667,18.73333,1.83333,3.61667,4.36667,0
1585416118,WALLET_BALANCE,0.0109,0.0109,0.0109,0.0109,0.0109,0.0109,0.0109,0.0109,0.0109,0.0109,0.0109,0.0109,0.0109,0.0109,0.0109,,,,,,,,0.0021,2.6923,2.6923,2.6923,2.6923,2.6923,2.6923,2.1241
1047206042,MBB_TOTAL_USAGE,809.59693,841.59598,1067.34432,252.72337,165.86484,234.78097,778.40343,36.11674,46.28721,45.37382,362.73061,97.90412,147.50305,221.64295,576.57279,602.70542,850.84212,185.98931,195.3302,,,,,346.86844,400.15458,,,,115.73632,546.27794
1047206042,PAYG_MB_RATIO,-1,-1,1.654938315,2.136994733,2.117095842,1.954480604,2.861422631,3.136425742,2.95624587,2.726921219,2.113804172,2.239705478,0.103847929,-0.157780753,-0.216953839,-0.28877113,0,0,0,,,,,0,0,,,,0,0
1047206042,REMAINING_DATA_BAL_MB,1,0,0,0,0,0,0,0,0,0,0,0,0,0,0,0,0,0,0,,,,,0,0,,,,0,0
1047206042,TOTAL_REVENUE_WT,0.0036,0,0,0,0,0,0,0,0,0,0,0,0,0,0,0,0,0,0,,,,,0,0,,,,0,0
1047206042,TOTAL_VOICE_USAGE,13.68333,2.95,9.51667,15.23333,10.03333,3.1,0.51667,3.3,7.83333,3.15,16.86667,6.45,2.85,1.86667,4.75,5.31667,0.81667,2.38333,0,,,,,5.41667,3.1,,,,5.38333,2.63333
1047206042,WALLET_BALANCE,-39.9943,-39.9943,-39.9979,-39.9979,-39.9979,-39.9979,-39.9979,-39.9979,-39.9979,-39.9979,-39.9979,-39.9979,-39.9979,-39.9979,-39.9979,-39.9979,-39.9979,-39.9979,-39.9979,,,,,-39.9979,-39.9974,,,,-39.9974,-39.993
1442618033,MBB_TOTAL_USAGE,408.9126,1331.11814,342.56039,1155.19491,5157.53369,3641.90338,1345.29349,1972.2009,1525.93082,2068.69934,2662.38258,1479.18581,1805.20675,1120.28427,742.53685,1467.24399,519.89029,456.4397,89.00214,461.37044,627.24241,603.1307,966.4428,640.62451,681.73834,819.1576,741.50895,713.4244,971.91068,838.05973
1442618033,PAYG_MB_RATIO,31780.51545,29275.9238,27619.0878,19084.78847,15422.61143,18462.01745,1952.982143,1784.607479,1648.905819,4.002155283,4.017213145,5.083566624,-0.999530328,-0.999505423,-0.999463971,-0.99949754,-0.999473741,-0.999506086,-0.999437984,-0.999400766,-0.999625719,-0.997188455,-0.997382454,-0.997572821,0,0,0,0,0,0
1442618033,REMAINING_DATA_BAL_MB,9488,8256,8256,9388,8057,10785,7555,7510,7510,8182,5784,7566,7566,6997,6033,3882,3882,3315,2254,402,1,14952,14952,14649,14139,13266,12666,13648,13247,12917
1442618033,TOTAL_REVENUE_WT,159,0,285,0,318,666.0093,143.2858,24.2858,16.2549,318,0,0,0,0,0,4.351,4.2592,0,305,0,0,198,0,0,357,0,0,0,198,0
1442618033,TOTAL_VOICE_USAGE,0,0,0,0,0,0,0,0,14.7,0,0,0,0,0,0,2.61667,5.01667,0,0,0,0,78.88333,40.76667,60.81667,27.38333,130.8,50.16667,29.13333,43.85,35.58333
1442618033,WALLET_BALANCE,0.0023,0.0023,0.0023,0.0023,0.006,0.006,0.006,0,43.8334,1.9371,-19.9986,-19.9916,-19.9916,-19.9916,-19.9916,-19.9916,-19.9916,-38.5446,-39.9634,-39.9634,-39.9621,-39.9621,-39.9621,-39.9616,-39.9616,-39.9616,-39.9611,-39.9611,-39.9611,-39.9611
970780254,MBB_TOTAL_USAGE,325.2346,418.48187,305.45963,671.07047,569.302,414.99227,536.68672,322.70733,258.73019,156.71103,220.28183,83.36797,192.29831,186.44838,221.90948,216.77155,165.40645,375.36958,616.17697,715.89378,478.21202,533.6138,468.84014,427.33002,337.16775,491.17573,377.60239,399.78061,466.29983,448.80752
970780254,PAYG_MB_RATIO,-1,-1,-1,-1,-1,-1,-1,-1,-1,-1,-1,-1,-1,-1,0,0,0,0,0,0,0,0,0,0,0,0,0,0,0,0
970780254,REMAINING_DATA_BAL_MB,14365,15338,15338,15283,15270,15217,15021,15002,15002,14995,14913,14893,14893,14860,14854,14741,14741,14706,14663,14656,14647,14431,14431,14409,14362,14353,14309,14284,14092,14069
970780254,TOTAL_REVENUE_WT,0,0,0,0,0,0,0,0,0,0,0,0,0,0,0,0,0,0,0,0,0,0,0,0,0,0,0,0,0,1299.0072
970780254,TOTAL_VOICE_USAGE,41.46667,38.21667,12.78333,35.45,17.63333,3.8,32.75,40.93333,27.65,41.48333,16.98333,10.48333,9.43333,6.11667,9.45,30.3,19.63333,47.16667,23,29.18333,21.93333,72.68333,30.43333,10.98333,54.96667,37.78333,3,48.98333,40.68333,11.11667
970780254,WALLET_BALANCE,0.0033,0.008,0.008,0.008,0.008,0.008,0.008,0.008,0.008,0.008,0.008,0.008,0.008,0.008,0.008,0.008,0.008,0.008,0.008,0.008,0.008,0.008,0.008,0.008,0.008,0.008,0.008,0.008,0.008,0.008
1229463480,MBB_TOTAL_USAGE,194.38857,93.09453,24.47418,16.43029,20.1106,201.20144,15.46411,53.00355,24.02862,14.76259,16.04216,42.73433,57.22613,32.96459,26.29924,55.20093,17.47637,69.00771,82.34706,25.45037,14.8387,18.72251,62.8024,15.85623,192.6096,62.35497,,,304.17499,16.30881
1229463480,PAYG_MB_RATIO,-1,-1,-1,-1,-1,-1,-1,-1,-1,-1,-1,0,0,0,0,0,0,0,0,0,0,0,0,0,0,0,,,-1,-1
1229463480,REMAINING_DATA_BAL_MB,459,445,445,430,426,420,411,406,406,402,374,371,371,368,363,352,352,348,342,339,333,324,324,321,317,313,,,302,0
1229463480,TOTAL_REVENUE_WT,0,0,0,0,0,0,0,0,0,0,0,0,0,0,0,0,0,0,0,0,0,0,0,0,0,0.0072,,,0,0
1229463480,TOTAL_VOICE_USAGE,13.43333,6.53333,5.06667,4.75,1.95,7.38333,8.06667,19.4,11.51667,23.65,36.98333,14.75,23.35,3.18333,23.45,1.65,19.98333,12.76667,28.73333,7.38333,14.58333,1.85,8.2,0.75,7.51667,6.21667,,,1.3,5.43333
1229463480,WALLET_BALANCE,0.0075,0.0075,0.0075,0.0075,0.0075,0.0075,0.0075,0.0075,0.0075,0.0075,0.0075,0.0075,0.0075,0.0075,0.0075,0.0075,0.0075,0.0075,0.0075,0.0075,0.0075,0.0075,0.0075,0.0075,0.0075,0.0075,,,0.0003,34.7245
1193215753,MBB_TOTAL_USAGE,503.01853,592.35262,935.11694,277.74068,932.73231,1210.78041,558.82054,1358.2297,551.02352,203.05789,554.00605,662.81236,700.53579,109.97424,396.05589,662.37355,615.90271,6.70307,,,,,,,,,,,,
1193215753,PAYG_MB_RATIO,0,0,-0.119062127,0.071040607,0.246884511,-1,-1,-1,-1,-1,-1,-1,-1,-1,-1,-1,-1,0,0,0,0,0,0,0,0,0,0,0,,
1193215753,REMAINING_DATA_BAL_MB,72,4,4,1,0,0,0,0,0,0,0,0,0,0,0,0,0,0,0,0,0,0,0,0,0,0,0,0,,
1193215753,TOTAL_REVENUE_WT,0,0.0036,0,0,0,0,0,0,0,0,0,0,0,0,0,0,0,0,,,,,,,,,,,,
1193215753,TOTAL_VOICE_USAGE,14.48333,27.26667,15.03333,17,16.11667,6.01667,65.13333,36.45,20.18333,40.45,31.51667,48.25,61.03333,12.6,30.63333,57.68333,49.51667,0,,,,,,,,,,,,
1193215753,WALLET_BALANCE,0.0062,0.0062,0.0062,0.0026,0.0026,0.0026,0.0026,0.0026,0.0026,0.0026,0.0026,0.0026,0.0026,0.0026,0.0026,0.0026,0.0026,0.0026,0.0026,0.0026,0.0026,0.0026,0.0026,0.0026,0.0026,0.0026,0.0026,0.0026,,
1630890845,MBB_TOTAL_USAGE,379.94263,1035.59146,1220.21302,691.36182,1271.93455,955.80872,1095.17217,1057.23253,993.77934,1268.82683,683.26919,2819.22779,1167.00161,2888.09686,1663.51594,,16.81251,0.00113,0.00163,0,0.00037,0,,,,,0,0.00005,,
1630890845,PAYG_MB_RATIO,0,0,0,0,0,0,0,0,0,0,0,0,0,0,0,0,0,0,0,0,0,0,0,0,0,0,0,0,,
1630890845,REMAINING_DATA_BAL_MB,4080,4030,4030,3867,3759,3674,3316,3047,3047,3032,2850,2805,2805,2778,2671,2492,2492,2196,2196,2193,2193,2193,2193,2193,2193,2193,2193,2193,,
1630890845,TOTAL_REVENUE_WT,0,0,0,0,0,0,0,0,0,0,0,0,0,0,0,,0,0,0,0,0,0,,,,,0,0,,
1630890845,TOTAL_VOICE_USAGE,0.11667,0,0,0,0,0,0,0,0,0,0,0,0,0,0,,0,0,0,0.76667,0.73333,0,,,,,0,0,,
1630890845,WALLET_BALANCE,0.0412,0.0412,0.0412,0.0412,0.0412,0.0412,0.0412,0.0412,0.0412,0.0412,0.0412,0.0412,0.0412,0.0412,0.0412,0.0412,0.0412,0.0412,0.0412,0.0412,0.0412,0.0412,0.0412,0.0412,0.0412,0.0412,0.0412,0.0412,,
1325976065,MBB_TOTAL_USAGE,394.36269,216.13278,134.60405,264.68834,376.9303,297.86475,176.22477,287.91931,538.14955,131.9065,,348.41934,183.74847,636.89816,619.93087,381.01849,373.84575,500.57234,109.84084,404.45322,232.33247,462.47622,395.19214,304.34777,277.4882,46.49541,206.15533,244.87634,692.05021,394.06436
1325976065,PAYG_MB_RATIO,0,0,0,0,0,0,0,0,0,0,,-1,-1,-1,-1,-1,-1,-1,-1,-1,-1,-1,-1,-1,-1,0,0,0,0,0
1325976065,REMAINING_DATA_BAL_MB,462,316,316,315,307,292,203,169,169,157,,89,89,509,491,481,481,468,439,433,413,396,396,394,375,371,368,366,365,354
1325976065,TOTAL_REVENUE_WT,0,0,0,0,0,0,0,0,0,0.0072,,0,0,0,0,0,0,0,0,0,0,0,0,0,0,0,0,0,0,0
1325976065,TOTAL_VOICE_USAGE,18.33333,19.55,14.9,22.78333,11.3,20.38333,21.83333,13.98333,9.3,12.58333,,28.51667,61.93333,61.95,21.4,25.36667,28.6,15.35,37.16667,98.53333,8.36667,6.66667,51.23333,102.9,16.53333,32.53333,69.46667,9.63333,5.78333,9.5
1325976065,WALLET_BALANCE,0.0078,0.0078,0.0078,0.0078,0.0078,0.0078,0.0078,0.0078,0.0078,0.0078,,0.0006,0.0055,0.0055,0.0055,0.0055,0.0055,0.0055,0.0055,0.0055,0.0055,0.0055,0.0055,0.0055,0.0055,0.0055,0.0055,0.0055,0.0055,0.0055
1257571524,MBB_TOTAL_USAGE,1464.22764,1314.48895,1159.80949,3430.05761,1595.08787,1825.72151,2971.5169,1907.88975,1001.4641,1806.37568,1113.57658,1569.72754,1501.48663,1161.19401,724.1714,1867.48436,1668.87009,2086.64665,2088.06249,1422.50131,1601.44356,1698.04646,1447.01865,1211.37607,1372.47861,1794.02339,997.07097,1711.01931,1140.68632,1406.96174
1257571524,PAYG_MB_RATIO,0,0,0,0,0,0,0,0,0,0,0,0,-1,-1,-1,-1,-1,-1,-1,-1,-1,-1,-1,-1,-1,-1,-1,0.79394619,0.824690042,0.820687809
1257571524,REMAINING_DATA_BAL_MB,282,269,269,233,228,221,205,199,199,186,149,129,129,46,545,440,440,432,2,1,0,0,0,0,0,0,0,0,0,0
1257571524,TOTAL_REVENUE_WT,0,0,0,0,0,0,0,0,0,0,0,999.0072,0,0,0,0,0,0,0.0036,0,0,0,0,0,0,0,0,0,0,0
1257571524,TOTAL_VOICE_USAGE,25.18333,23.7,11.01667,14.63333,3.55,35.08333,21.51667,14.8,18.11667,31.31667,6.76667,14.01667,4.68333,10.9,1.05,4.21667,23.81667,5.76667,6.53333,3.7,3.33333,4.98333,15.55,15.16667,5.58333,22.63333,11.81667,24.65,15.31667,32.05
1257571524,WALLET_BALANCE,0.0076,0.0076,0.0076,0.0076,0.0076,0.0076,0.0076,0.0076,0.0076,0.0076,0.0076,0.0076,0.0076,0.0053,0.0053,0.0053,0.0053,0.0053,0.0053,0.0053,0.0017,0.0017,0.0017,0.0017,0.0017,0.0017,0.0017,0.0017,0.0017,0.0017
2266753602,MBB_TOTAL_USAGE,282.86752,197.21062,28.45128,181.00916,152.56583,81.30942,32.97343,124.39512,30.68478,135.02734,53.9989,30.65341,522.25011,212.5237,313.55181,243.02639,48.44585,183.05447,199.8493,9.94978,19.41778,,,278.39043,358.51224,290.41045,468.6418,292.44598,786.5542,583.27202
2266753602,PAYG_MB_RATIO,-1,-1,-1,-1,0,-0.997087643,-0.997060778,-0.997519905,-0.998166977,-0.998453519,-0.998889257,-0.998973445,-0.999123543,-0.999186452,-0.999277579,-0.999107451,-0.999075302,-0.999101431,-0.998961972,-1,0.494632696,,,2.150450739,4.113599373,8.162335015,9.558011593,13.41091086,0,0
2266753602,REMAINING_DATA_BAL_MB,2,2,2,1,1,1,0,0,0,0,0,0,0,0,0,0,0,0,0,0,0,,,0,0,2544,2484,2155,1936,1652
2266753602,TOTAL_REVENUE_WT,0,0,0,0,2.3821,0.0323,0.043,0.0429,0.1147,0.0896,0.0036,0.0144,0.283,0,0,0,0,0,0,0,0,,,0,0,0,0,0,0,0
2266753602,TOTAL_VOICE_USAGE,0.98333,3,26.18333,5.36667,9.78333,3.23333,26.2,1.33333,2.51667,4.3,25.06667,0.76667,11.35,19.88333,0,0,0,0,0,0,0,,,13.11667,12.36667,7.63333,28.35,0.18333,23,29.25
2266753602,WALLET_BALANCE,0.0057,0.0057,0.0057,0.0057,0.0057,0.0057,0.6236,0.5913,0.5483,0.5054,0.3907,0.3011,0.2975,0.2831,0.0001,0.0001,0.0001,0.0001,0.0001,0.0001,0.0001,,,0.0001,0.005,0.005,0.005,0.005,0.005,0.005
3380741000,MBB_TOTAL_USAGE,0,0,0,0,0,2.3257,0.74783,12.34215,14.00501,35.96787,524.81147,1658.27426,513.25155,316.2697,39.01948,44.56614,231.764,133.14586,77.73299,,0.03234,0.01901,0.67822,,19.15329,,,,,0.18757
3380741000,PAYG_MB_RATIO,0,0,0,0,0,0,0,0,0,0,0,0,-1,-1,-1,-1,-1,-1,-1,-1,-1,-1,-1,-1,-1,-1,-1,0,0,0
3380741000,REMAINING_DATA_BAL_MB,2128,1536,1536,1536,1536,1536,1536,1536,1536,0,0,1532,1532,943,617,67,67,35,1528,1297,1165,1090,1090,1090,1090,1089,1089,1070,1070,1070
3380741000,TOTAL_REVENUE_WT,10.7831,1.7026,0.5203,198.3784,0,0,0,198,0,159,0,159.0215,0,0,0,159,0,0,0,,0,0,0,,0,,,,,0
3380741000,TOTAL_VOICE_USAGE,3.8,0.61667,0.18333,77.9,11.66667,88.46667,0.86667,49.65,51.63333,81.45,0,0,14.03333,2.1,2.71667,4.1,1.05,3.35,3.3,,0,0,2.86667,,0,,,,,0
3380741000,WALLET_BALANCE,83.6589,29.5578,10.2535,0.0297,0.3989,0.021,0.021,0.021,0.021,0.0215,0.0215,0.0215,0.0215,0,0,0,0,0,0,0,0,0,0,0,0,0,0,0,0,0
563811204,MBB_TOTAL_USAGE,561.1603,306.18348,184.21675,912.08847,1111.9227,1043.25455,284.8601,197.12126,426.79822,126.96302,443.8015,560.02643,442.64374,420.48091,126.03341,116.2674,390.77221,439.44376,210.83135,248.00088,402.62469,238.75859,408.36529,658.30836,637.803,695.13851,458.18804,264.15103,560.42814,652.79072
563811204,PAYG_MB_RATIO,0,0,0,-1,-1,-1,-1,-1,-1,-1,-1,-1,-1,-1,-1,-1,-1,1.112479579,0,0,0,0,0,0,0,0,0,0,0,0
563811204,REMAINING_DATA_BAL_MB,1925,1879,1879,1678,0,7160,6320,5960,5960,5950,5730,5718,5718,5664,5421,5414,5414,5404,5398,5197,5183,5168,5168,5143,5119,5077,5006,4900,4605,4601
563811204,TOTAL_REVENUE_WT,0,8.4345,1349.3328,0,0,0,0,3.6416,667,0,0.5682,0.5682,0,0,0,0,0.2841,0,0,0,0.8523,0.2841,0,0,0.2841,0,0.2841,0.2841,0,0
563811204,TOTAL_VOICE_USAGE,26.61667,8.85,0,7.6,22.75,3.7,24.06667,26.43333,11.5,19.4,20.38333,22.61667,7.96667,36.78333,4.15,15.56667,14.3,10.26667,5.93333,1.35,1.71667,51.98333,17.65,15.16667,5.95,28.31667,8.63333,37.53333,19.61667,12.83333
563811204,WALLET_BALANCE,8.4347,8.4347,8.4347,0.0002,3.6736,3.6736,3.6736,3.6736,3.6736,0.032,0.0331,0.0331,23.9515,10.6266,10.6266,10.6266,10.6266,10.6266,10.3425,10.3425,10.3425,10.3425,9.4902,9.2061,9.2061,9.2061,8.922,8.922,8.6379,8.3538
